Fecha,Percentil equiponderado 72.0,Percentil ponderado 70.0,"Media Truncada Equiponderada (42.5, 91.0)","Media Truncada Ponderada (52.5, 85.0)","Inflación de exclusión dinámica (0.35, 1.88)","Exclusión fija de gastos básicos IPC (14, 17)",MAI óptima ABSME,"MAI (F,4)","MAI (G,4)","MAI (F,5)","MAI (G,5)","MAI (F,10)","MAI (G,10)","MAI (F,20)","MAI (G,20)","MAI (F,40)","MAI (G,40)"
01/12/2001,10.371721,10.805631,10.060776,10.3835945,9.238398,8.917559,10.547174,11.2424965,11.219681,10.92248,10.781312,10.248327,9.5197315,9.007776,8.282018,8.534824,7.9600573
01/01/2002,10.900116,11.218559,10.493922,10.690891,9.397268,9.01444,10.941426,11.715865,11.522388,11.309444,11.048222,10.485125,9.611583,9.146214,8.182156,8.781433,7.77148
01/02/2002,11.043369,11.358416,10.632777,11.003327,9.642923,9.298706,11.178858,11.85143,11.781084,11.388993,11.325932,10.760891,10.045409,9.165072,8.459532,8.815336,7.985282
01/03/2002,11.00316,11.180723,10.639334,10.890436,9.58302,9.254324,11.139833,11.915958,11.757505,11.556745,11.418629,11.031675,10.129046,9.369111,8.7062,9.009218,8.239687
01/04/2002,11.108435,11.391699,10.671843,11.001515,9.667897,9.266853,11.177404,12.047756,11.9733925,11.75462,11.792755,11.083233,10.316443,9.347391,8.861208,9.000826,8.429014
01/05/2002,11.021066,11.067116,10.687709,10.679781,9.625816,9.172451,11.092056,11.9737625,11.645985,11.825442,11.428881,11.234056,10.436392,9.767782,8.7997675,9.4551325,8.395588
01/06/2002,10.775888,10.709834,10.451889,10.433447,9.232903,8.957088,10.896329,11.629772,11.377621,11.637985,11.281109,10.894394,10.079527,9.407818,8.53138,9.108901,8.045435
01/07/2002,10.568547,10.411394,10.258889,10.117662,8.841526,8.393347,10.648157,11.413622,10.997534,11.426867,11.005449,10.636318,9.627665,9.320068,8.315611,9.1607685,7.702267
01/08/2002,9.549093,9.410418,9.326113,9.111428,8.084238,7.5663805,9.645657,10.364044,9.834647,10.36545,9.894192,9.675169,8.550286,8.460056,7.3604107,8.335471,6.888294
01/09/2002,9.090698,9.08643,8.916211,8.7903385,7.768345,7.243085,9.158883,9.826946,9.392762,9.863842,9.391665,9.344971,8.079374,8.114171,7.171452,7.965839,6.6959143
01/10/2002,8.622921,8.60647,8.398712,8.35191,7.291639,6.6966414,8.592527,9.281075,8.878767,9.259272,8.82305,8.71017,7.572663,7.5912356,6.863463,7.2645426,6.1592817
01/11/2002,8.251572,8.397997,8.105289,8.265602,7.2353363,6.678295,8.327242,8.872938,8.820033,8.846676,8.692408,8.334279,7.430601,7.3292136,6.8695903,7.0679307,6.3385606
01/12/2002,7.9782844,8.090961,7.8269362,7.955146,6.9523335,6.330526,8.030162,8.469402,8.47187,8.44549,8.410131,7.9397798,7.047105,7.0464373,6.5211177,6.7923427,6.0224056
01/01/2003,7.078457,7.2791576,7.038963,7.358992,6.460047,5.9583545,7.4543796,7.754898,7.8686595,7.8008413,7.9583645,7.18354,6.5921426,6.561148,6.463802,6.257856,6.2057495
01/02/2003,6.7115664,6.6963434,6.648612,6.8472266,6.108165,5.6069613,7.020788,7.3777676,7.413304,7.385409,7.453668,6.753671,6.180966,6.334007,6.266606,5.9646487,5.878949
01/03/2003,6.4852715,6.70408,6.3940525,6.6976905,6.1253905,5.6686997,6.77452,7.088518,7.2022676,7.086849,7.18168,6.4847827,6.2699556,6.0763717,6.156945,5.6399345,5.7178855
01/04/2003,6.3859105,6.7691445,6.3022494,6.7271233,6.2153816,5.7582617,6.7902484,6.95374,7.2621465,6.9378138,7.1855664,6.4276457,6.246078,6.075585,6.1168075,5.736184,5.7476163
01/05/2003,6.4130187,6.986344,6.2744737,6.9298506,6.272185,5.809951,6.834151,6.9978,7.6193094,6.9557548,7.457876,6.3817024,6.3720226,5.721462,6.0706496,5.4825544,5.612397
01/06/2003,6.4287305,6.8695307,6.229198,6.840706,6.3205123,5.4721117,6.7542887,7.0219994,7.4801207,6.880164,7.3931932,6.3401937,6.4527273,5.5184007,5.942476,5.151534,5.4825783
01/07/2003,6.351316,6.737411,6.1826825,6.6482067,6.4085364,5.490172,6.5150356,6.910324,7.2507977,6.6741824,7.0346713,6.2664747,6.2059164,5.635524,5.894637,5.1411986,5.4140925
01/08/2003,6.2502623,6.491816,6.074333,6.494808,6.2317967,5.4237485,6.3495064,6.8084598,7.058203,6.5609217,6.8608403,6.2102675,6.1309576,5.664575,5.8097363,5.1677585,5.210483
01/09/2003,6.1982036,6.3046813,6.0655713,6.4607143,6.20327,5.6908846,6.3673544,6.777203,6.790781,6.5528274,6.805861,6.257081,6.3988566,5.9319496,6.0994506,5.398822,5.6978583
01/10/2003,6.062019,6.1900973,5.980158,6.462276,6.2338114,5.8243394,6.308127,6.637907,6.6492558,6.39385,6.73908,6.247866,6.534362,5.8412075,6.2498093,5.370748,5.7669163
01/11/2003,5.9036374,5.9692383,5.818403,6.371808,6.268835,5.7792187,6.1621037,6.4657927,6.3771486,6.2648296,6.7606926,6.1742783,6.7186594,5.7515025,6.04614,5.2680016,5.4571033
01/12/2003,5.826676,5.9670687,5.7991743,6.488621,6.3103557,5.89422,6.231699,6.421256,6.543803,6.3037395,6.8805456,6.228757,7.0061207,5.8845162,6.2646747,5.40179,5.734813
01/01/2004,5.9332967,6.436181,5.84383,6.769812,6.713271,6.456077,6.35405,6.4532876,7.1780443,6.303656,7.29723,6.4130545,7.4775577,6.0603976,6.581104,5.5493236,6.062627
01/02/2004,5.7906866,6.649339,5.779958,6.956327,6.9708943,6.5487146,6.330466,6.3579917,7.2553873,6.234646,7.3829293,6.3840985,7.814586,5.968356,6.865895,5.492747,6.4198136
01/03/2004,5.815065,6.681323,5.8364034,7.068503,7.191205,6.752503,6.3766727,6.3616395,7.329762,6.1983824,7.4615836,6.3425183,8.003354,6.019962,7.222986,5.5470705,6.791389
01/04/2004,5.6899905,6.358993,5.7642817,6.93537,7.0457816,6.720519,6.1955647,6.2370777,7.0560813,6.088841,7.239008,6.249702,7.9096794,5.866635,7.1472645,5.393529,6.880176
01/05/2004,5.793953,6.574106,5.893743,7.1592093,7.271576,7.030046,6.368951,6.399715,7.1894884,6.184602,7.4887037,6.3477516,8.189571,5.937469,7.4861407,5.5808663,7.369101
01/06/2004,5.8487535,7.0684195,5.9220314,7.376492,7.424009,7.3032618,6.479185,6.4283013,7.65512,6.1551332,7.7228785,6.280768,8.162487,5.9651613,7.6206923,5.68943,7.61348
01/07/2004,5.848682,7.121873,5.872977,7.420981,7.361841,7.3524117,6.523822,6.4051986,7.6904655,6.1091304,7.7723265,6.1261177,8.447372,5.614841,7.6990485,5.305493,7.676995
01/08/2004,6.081581,7.374418,6.112027,7.6774597,7.666421,7.6098084,6.802957,6.6750884,8.010054,6.401956,8.049166,6.3764334,8.707439,5.663514,8.029043,5.446422,8.1234455
01/09/2004,6.278193,7.6720595,6.412947,8.037138,8.155918,7.931757,7.1534047,6.964636,8.537256,6.704986,8.559406,6.814289,9.123146,6.1529875,8.496534,5.8970213,8.370007
01/10/2004,6.53708,7.8666925,6.7931056,8.352447,8.485949,8.308924,7.4973836,7.303798,8.79792,7.1523666,8.836794,7.4566007,9.639132,6.816244,8.976948,6.5504193,8.91403
01/11/2004,6.9693804,8.388269,7.1964264,8.675909,8.614945,8.656263,7.9374876,7.8125954,9.224653,7.6401353,9.189331,7.8126907,10.03331,7.319808,9.48379,7.1089625,9.593857
01/12/2004,7.110846,8.538198,7.351601,8.711934,8.66704,8.783806,8.076739,8.0035095,9.191715,7.824588,9.232939,8.009756,10.005212,7.4430704,9.538221,7.216251,9.521257
01/01/2005,7.4225903,8.525991,7.68162,8.7133045,8.46225,8.520412,8.287075,8.239067,9.008622,8.153999,9.030628,8.2299595,9.886038,7.6174855,9.293532,7.458365,9.047604
01/02/2005,7.565987,8.23102,7.809007,8.504891,8.173,8.572233,8.310601,8.410907,8.843887,8.323729,8.941566,8.279252,9.43445,7.7475667,8.675337,7.7864885,8.64706
01/03/2005,7.5868487,8.173084,7.7852607,8.478999,7.942176,8.269715,8.263155,8.454239,8.880175,8.376133,8.982193,8.253694,9.235394,7.688737,8.427084,7.6891303,8.26242
01/04/2005,7.6117992,8.31368,7.7577114,8.615017,8.028293,8.378542,8.247797,8.455849,9.011734,8.313406,9.050953,8.155001,9.504568,7.5846076,8.586216,7.6092005,8.345151
01/05/2005,7.697737,8.3536625,7.780087,8.477127,7.92377,8.442426,8.210191,8.475351,8.934879,8.397329,8.854664,8.188128,9.445202,7.940483,8.52722,7.7347636,8.251583
01/06/2005,7.6527834,8.083904,7.756555,8.46678,7.94909,8.725476,8.19727,8.471262,8.672571,8.3498955,8.610355,8.112311,9.59692,7.8641295,8.6600065,7.6734543,8.36513
01/07/2005,7.7397227,8.233368,7.8279495,8.726633,8.161879,9.026742,8.378705,8.56086,8.953512,8.517063,9.0065365,8.364701,9.773481,8.277643,9.180105,8.130943,8.847607
01/08/2005,7.5074196,8.037531,7.614565,8.56967,7.969606,8.841968,8.174699,8.233261,8.783507,8.197319,8.825005,8.1071615,9.557223,8.25901,9.013807,8.063328,8.66704
01/09/2005,7.436824,8.035684,7.5060964,8.584463,7.764113,8.908903,8.091022,8.142161,8.904993,8.14147,8.771288,7.865119,9.507549,7.875538,8.908534,7.7184677,8.876014
01/10/2005,7.578969,8.549511,7.8418016,9.208584,8.6021185,9.64036,8.629796,8.327293,9.372437,8.235073,9.444094,8.207321,10.203171,8.299255,9.908926,8.249128,9.8272085
01/11/2005,7.4508905,8.385468,7.8053236,9.156394,8.607507,9.075869,8.651983,8.1891775,9.269118,8.024776,8.981884,8.149576,9.462261,7.92253,9.342408,7.619202,8.8820095
01/12/2005,7.4763536,8.378482,7.7634335,9.0729475,8.528256,8.517111,8.553427,8.178854,9.316719,7.9790115,8.830023,8.031154,8.950699,7.6429963,8.652353,7.398641,8.094835
01/01/2006,7.1572423,7.799518,7.512617,8.787155,8.375025,8.096623,8.26675,7.8610897,8.8325615,7.6579213,8.693993,7.6705694,8.575714,7.056904,8.129395,6.77557,7.7770233
01/02/2006,6.905973,7.64724,7.2730303,8.4668045,8.04472,7.2204947,7.991067,7.5384736,8.5292225,7.344258,8.224702,7.3896885,7.9535604,6.5079093,7.852292,5.973482,7.3928833
01/03/2006,6.8971634,7.6233506,7.313943,8.471048,8.123552,7.0873976,8.060061,7.48837,8.4064245,7.285452,8.142114,7.472062,7.7562094,6.539154,7.7657104,6.0736895,7.395482
01/04/2006,6.9416285,7.5675488,7.444334,8.387518,8.018578,7.2327614,8.166587,7.5775623,8.427167,7.3698163,8.065581,7.6684237,7.5639486,6.8505526,7.786846,6.4483285,7.4193716
01/05/2006,6.684935,7.2303295,7.2739124,8.171082,7.7189565,7.078457,7.9190145,7.3200703,8.170403,7.0761085,7.733786,7.4869275,7.2681427,6.539738,8.122671,6.343913,7.5321317
01/06/2006,6.544447,6.9478273,7.236564,7.899499,7.6209545,6.9687605,7.7344,7.0869207,7.8332067,6.9502234,7.4748755,7.5044036,7.00202,6.7913055,7.9493403,6.7236543,7.5202584
01/07/2006,6.5098643,6.8194985,7.251489,7.6408267,7.4822664,6.6053033,7.6169977,7.087493,7.6286554,6.8891525,7.0778847,7.4517965,6.7293763,6.5633416,7.3832035,6.567347,7.056463
01/08/2006,6.556678,6.822133,7.250476,7.612717,7.6108456,6.590271,7.5464883,7.1475506,7.5199246,6.7767143,6.99203,7.274866,6.634867,6.485498,7.7014446,6.493044,7.20855
01/09/2006,6.437409,6.5040827,7.006049,7.147634,7.212329,5.644667,7.1877594,6.919229,6.830418,6.4419627,6.473267,6.8011403,5.8985114,5.8698773,6.8689704,5.8654547,5.905819
01/10/2006,6.0652494,5.765617,6.2993884,6.1183333,5.9224367,4.2509556,6.288962,6.4485073,6.1526895,5.948198,5.5573106,5.693805,4.435861,4.713464,5.071044,4.485917,4.1299105
01/11/2006,5.8071375,5.4296136,5.980277,5.7053328,5.590296,4.2585254,5.809724,6.1187625,5.803275,5.647409,5.37349,5.345845,4.338062,4.5389175,4.995942,4.5569897,4.21288
01/12/2006,5.819142,5.2453995,6.021416,5.6925654,5.7094693,4.8226595,5.8038263,6.104195,5.641091,5.6328893,5.3236723,5.4807067,4.826331,4.8851967,5.712235,5.002916,5.160439
01/01/2007,5.593145,5.477929,5.7926893,5.679798,5.559075,5.1454067,5.629237,6.0106277,5.7797074,5.3578734,5.1805615,5.1766396,4.996872,4.8017025,6.0810924,4.972768,5.466509
01/02/2007,5.6493998,5.725014,5.8690906,5.9255958,5.8678746,5.800283,5.739923,6.094229,6.1410427,5.387616,5.660939,5.259979,5.6887627,5.078888,6.391704,5.320716,5.739808
01/03/2007,5.7566047,6.014836,5.9036493,6.1356425,6.0106516,6.3906193,5.8887134,6.1722994,6.5348864,5.4549932,6.0963035,5.2589893,6.0988545,5.2773,6.856251,5.478537,6.1257243
01/04/2007,5.736804,6.187284,5.795765,6.1703324,6.0476184,6.264603,5.8694553,6.1215878,6.6309214,5.373478,6.151557,5.0250173,5.939722,4.9263477,6.7254186,4.915738,5.8706164
01/05/2007,5.828488,6.083691,5.755782,6.0263395,5.9731126,5.802238,5.793426,6.1567664,6.461239,5.3092957,6.027806,4.8567533,5.475235,4.6010494,5.720806,4.566133,5.364752
01/06/2007,5.976975,6.117165,5.8286905,6.058371,5.9147596,5.6318283,5.8168454,6.315577,6.544733,5.3694725,5.9883714,4.966688,5.556333,4.489982,5.864775,4.2587876,5.3397655
01/07/2007,6.022632,6.2576056,5.8303595,6.2911987,6.0817003,6.1663866,5.9860334,6.38721,6.7899585,5.422735,6.3881874,4.8909187,5.6890965,4.429078,6.158519,4.17248,5.5765986
01/08/2007,6.2555194,6.498492,6.0889006,6.57084,6.2555194,6.5413117,6.406472,6.6725016,7.1711063,5.79679,6.773889,5.3416014,6.1564445,4.7281623,6.149626,4.3758035,5.6586623
01/09/2007,6.4354777,6.77979,6.270182,6.838143,6.565523,7.210946,6.6580853,6.954682,7.578659,6.05371,7.147169,5.6852818,6.5648675,5.1228523,6.6043377,4.766965,6.222117
01/10/2007,6.523955,6.846893,6.473696,7.0239186,6.859052,7.6544642,6.894272,7.073581,7.604587,6.22108,7.285309,6.075394,6.8357587,5.5346966,7.060623,5.2708745,6.6758037
01/11/2007,6.8201303,7.484162,6.9369316,8.132768,7.770765,8.84837,7.5549726,7.4689865,8.451796,6.703794,8.336008,6.7349195,8.424616,6.254554,8.302439,5.9259415,8.162189
01/12/2007,7.0173383,8.427036,7.09095,8.869314,8.232546,9.375167,8.004549,7.697463,9.203136,6.954086,9.184146,6.845367,9.065914,6.3045382,8.791327,5.7551384,8.819092
01/01/2008,7.527435,8.206868,7.3763967,8.871567,8.270788,9.269047,8.194117,8.077633,9.191179,7.261753,9.220171,7.060826,8.917343,6.431353,8.560789,5.8754444,8.571327
01/02/2008,7.7792764,8.616888,7.610488,9.221554,8.640194,9.547687,8.598799,8.345736,9.498811,7.5932145,9.507572,7.2237372,9.095896,6.538725,9.114027,5.998993,9.151066
01/03/2008,8.05608,8.671104,7.9038024,9.330583,8.819807,9.732628,8.824429,8.733058,9.65662,8.004165,9.461474,7.563305,9.492147,6.784272,9.168089,6.339431,9.195304
01/04/2008,8.31703,9.165788,8.258605,10.058535,9.409559,10.558391,9.388746,9.151638,10.174012,8.472919,10.189819,8.064437,10.332918,7.214296,9.991002,6.808758,9.806371
01/05/2008,8.754563,9.958863,8.746206,11.037123,10.32337,11.849297,10.090554,9.6966505,11.245573,9.125364,11.388052,8.77893,11.630238,7.9744697,11.529183,7.4816346,11.070323
01/06/2008,9.077334,10.847342,9.194077,11.776638,11.11437,12.829566,10.785797,10.141754,11.987782,9.702253,12.45817,9.319389,12.445784,8.803225,12.478828,8.372569,12.085748
01/07/2008,9.649587,11.502814,9.831047,12.34268,11.73662,13.095975,11.414545,10.710049,12.566721,10.406887,13.020193,10.184169,13.149416,10.068154,12.982452,9.452724,13.010597
01/08/2008,9.614742,11.298203,9.811937,12.151659,11.507666,12.855554,11.290596,10.687542,12.347305,10.484767,12.897611,10.111057,12.855148,9.947121,12.880957,9.344816,12.890005
01/09/2008,9.711432,11.17115,9.9319935,12.141287,11.2642765,12.232423,11.410538,10.75635,12.233233,10.528111,12.681282,9.954166,12.415695,9.962797,12.408829,9.358859,12.670338
01/10/2008,9.938192,11.336684,10.080266,12.308205,11.289144,12.285256,11.588955,11.035967,12.422096,10.85825,12.915146,10.081434,12.609947,9.932434,12.310362,9.37475,12.383902
01/11/2008,9.839975,10.86973,9.861708,11.278224,10.3301525,10.582293,11.1384945,10.959185,11.6275425,10.738373,11.963224,9.764421,10.970127,9.573865,10.89183,9.032667,10.592198
01/12/2008,9.429741,9.741044,9.530771,10.253441,9.2741375,8.839809,10.407723,10.528982,10.569978,10.027647,10.195231,9.060299,9.4931965,8.940387,9.338403,8.449184,8.721697
01/01/2009,8.438373,9.203935,8.710003,9.447479,8.161009,7.613325,9.592121,9.56403,9.772766,8.688879,8.747101,8.046663,8.329129,7.848048,8.0973625,6.7552805,7.432556
01/02/2009,7.9065204,8.376646,8.132577,8.635319,7.1726084,6.2886,8.772301,8.868372,8.884918,7.7228546,7.372296,7.2067738,6.8538666,7.1064234,6.561053,6.0481906,5.94424
01/03/2009,7.2353363,7.6410174,7.494271,7.848716,6.28922,4.9948573,7.9179416,8.062565,7.9779744,6.7976832,6.3216567,6.2711835,5.379367,6.062615,5.3708196,4.9384,4.756689
01/04/2009,6.733227,6.8306804,6.920755,6.8737626,5.4436803,3.8178444,7.002574,7.305956,7.0060015,5.9272766,5.327511,5.3374887,4.306054,5.293858,4.1982055,4.162407,3.741324
01/05/2009,6.1260343,5.9818983,6.389022,5.987668,4.7216177,2.636087,6.32221,6.6115975,5.916798,5.1818967,4.207945,4.613626,3.3947468,4.6295047,3.0614972,3.492868,2.6741147
01/06/2009,5.5738807,5.038607,5.6920767,5.160761,3.7003279,1.5488386,5.4303164,5.920744,5.031061,4.435003,3.2431483,3.6692023,2.3950934,3.4194708,1.8885732,2.3223996,1.5842915
01/07/2009,4.8811674,4.2594314,4.878974,4.3595195,2.7468204,0.6729245,4.492963,5.0895214,4.1787505,3.4246445,2.194655,2.5262475,1.433897,1.8900633,0.8089304,1.0702252,0.46967268
01/08/2009,4.607582,4.1155696,4.559469,4.0964484,2.45502,0.2327323,4.0610847,4.693675,3.869152,2.9105544,1.6120911,2.0385623,1.0773897,1.4924884,0.28436184,0.77403784,0.3341794
01/09/2009,4.360509,4.0210724,4.3264747,3.9127707,2.490449,0.45757294,3.7857618,4.403496,3.664124,2.6814222,1.5420794,2.054429,1.3041854,1.4416218,0.47262907,0.7508874,0.4555583
01/10/2009,3.974235,3.605473,3.9009213,3.456068,2.0554423,-0.28988123,3.2275696,3.873682,3.1837702,1.9466281,0.6363034,1.3743877,0.5863786,0.86147785,-0.039243698,0.1644969,0.25849342
01/11/2009,3.7537575,3.3785462,3.6068678,3.3200622,2.0451784,0.022172928,2.9351444,3.5076737,3.0411363,1.5111089,0.43936968,0.8740902,0.57621,0.27514696,0.04965067,-0.4642427,0.52090883
01/12/2009,3.644538,3.34543,3.440833,3.266859,2.1303773,0.4746914,2.8279777,3.317988,3.0156493,1.4824033,0.91848373,0.7821679,0.7197261,0.15040636,0.2542615,-0.51677823,0.86351633
01/01/2010,3.6796808,3.4943461,3.5616279,3.614986,2.8195739,1.3008237,3.0802824,3.3791065,3.4233809,1.92945,1.7385483,1.220119,1.4608622,0.7124305,1.1385679,0.6059408,1.9137979
01/02/2010,3.6652446,3.5621166,3.5686612,3.7044644,3.062439,2.1443725,3.1356568,3.3983707,3.4242988,2.1478772,2.1957636,1.489234,2.174151,0.9981632,2.050078,0.9238839,2.9336452
01/03/2010,3.8879156,3.8219452,3.8643956,4.0825367,3.5287619,3.0982375,3.5375438,3.7004948,3.7572384,2.6279926,2.8600097,2.1146536,2.9431343,1.7885566,2.9036403,1.8604875,4.007089
01/04/2010,4.014957,3.9133549,4.000056,4.1597486,3.8320541,3.3185005,3.6886787,3.8488865,3.897214,2.8868914,2.95887,2.467966,3.0715585,2.281654,3.2220602,2.365744,4.2704463
01/05/2010,4.0739775,3.9714932,4.028189,4.1210055,3.5336018,3.1980515,3.6524498,3.9331675,3.9913654,2.904296,2.6856065,2.4089098,2.7362347,2.246797,3.0251145,2.348423,3.9541364
01/06/2010,4.2015433,3.8615823,4.1318536,4.031372,3.6083102,3.0246973,3.684906,4.046285,3.9208293,2.9487371,2.5202394,2.6134372,2.5850534,2.8255224,2.814281,3.0134797,3.7126303
01/07/2010,4.2152643,3.7726283,4.195392,3.9729834,3.6132097,3.009379,3.6966693,4.1454315,3.8779616,3.1811595,2.5983334,2.8984666,2.5431275,3.2274127,2.850616,3.3133745,3.6270142
01/08/2010,4.2436123,3.7111402,4.209447,3.9900303,3.622663,3.1724095,3.7523768,4.2390823,3.9066792,3.3244252,2.8266072,3.0980706,2.5969148,3.3291101,2.9663801,3.3930302,3.4050584
01/09/2010,4.2107463,3.6238909,4.204893,3.9434314,3.7089705,3.3813477,3.7079275,4.193127,3.8677454,3.3626556,2.7675152,3.1541228,2.5742292,3.564036,3.093505,3.6434531,3.3292532
01/10/2010,4.2496085,3.7480712,4.274285,4.073715,3.909862,3.8416743,3.8066576,4.3047786,4.084778,3.5741687,3.1541944,3.3195019,2.913344,3.8998246,3.6540747,4.0155053,3.829074
01/11/2010,4.2505026,3.7504435,4.2895317,4.1095734,3.8088799,3.8422465,3.8460238,4.3120027,4.06965,3.6063433,3.143847,3.43709,2.898395,4.0689707,3.6435366,4.1072726,3.7460208
01/12/2010,4.4504046,3.8917065,4.49208,4.258096,4.1368604,4.239857,4.0672827,4.598844,4.1929007,3.9931417,3.4280062,3.9502382,3.2956839,4.5428753,4.1926622,4.459226,4.207909
01/01/2011,4.3070197,3.9035678,4.403031,4.5863986,4.559326,4.4897676,4.094255,4.4416428,4.11129,4.083836,3.9329886,4.0012956,3.920877,4.826641,4.597461,4.6228766,4.5969844
01/02/2011,4.522848,4.2303443,4.690242,5.0852776,5.1929235,4.9639463,4.4876995,4.799652,4.5868516,4.48426,4.404223,4.4029117,4.6581984,5.2739263,5.1422,4.811001,4.7920227
01/03/2011,4.612708,4.3747425,4.7466874,5.1801324,5.5048466,5.181074,4.590836,4.899645,4.7093153,4.534197,4.506719,4.5390844,5.0700545,5.2317142,5.4237723,4.584098,4.970598
01/04/2011,4.839933,4.5682073,5.0436735,5.703604,5.9503555,5.6135535,5.0790725,5.2231193,5.1264644,4.92357,5.1460505,5.0342083,5.8805346,5.4611564,5.94033,4.815507,5.6654215
01/05/2011,4.929614,4.924822,5.173385,6.077671,6.354165,6.1569095,5.3785944,5.3501606,5.528331,5.2127957,5.8741927,5.3951144,6.7578077,5.6827545,6.4771295,4.940903,6.2113643
01/06/2011,4.9601197,5.200207,5.283141,6.337476,6.54701,6.4949036,5.5107083,5.450082,5.8281064,5.349207,6.249094,5.5670977,7.1457148,5.6292653,6.7341566,4.7679067,6.5492034
01/07/2011,5.0907373,5.4972053,5.494213,6.70557,6.958735,7.0072174,5.8057766,5.6282043,6.2325716,5.5661917,6.663692,5.892217,7.7644706,5.8627725,7.6039553,5.055177,7.2798133
01/08/2011,5.2838683,5.839753,5.708289,7.0233583,7.174778,7.29028,6.1538925,5.8506846,6.606984,5.8065057,7.17901,6.0555696,8.185423,5.948472,8.003653,5.0855637,7.910931
01/09/2011,5.3410053,5.9310555,5.754912,7.056308,7.099533,6.837392,6.192198,5.95119,6.650841,5.8580875,7.2174907,6.090462,7.867503,5.764568,7.593882,4.945302,7.644379
01/10/2011,5.456817,5.9301615,5.930853,7.0233464,7.0447206,6.618798,6.326359,6.077683,6.602061,6.0907006,7.3042274,6.450045,7.7993155,6.401062,7.126045,5.527115,7.1991324
01/11/2011,5.504358,5.9966564,6.0515523,6.999123,7.2434187,6.551099,6.3216414,6.167555,6.6530347,6.2189817,7.391131,6.773007,7.974112,6.8692446,7.1151495,6.06879,7.364404
01/12/2011,5.382383,5.899966,6.0360193,6.8847895,7.1531177,6.2454104,6.230149,6.0326457,6.5985203,6.0707808,7.18925,6.669247,7.831335,7.0299864,6.9390535,6.3133836,7.1549416
01/01/2012,5.2385807,5.5475593,5.7926536,6.096256,6.3415885,5.491364,5.7612042,5.90384,6.1325073,5.8787823,6.363976,6.440127,6.6508293,6.5309644,6.0097694,5.7319403,6.2711
01/02/2012,5.0391436,5.236566,5.6342483,5.697453,5.880666,5.033028,5.531886,5.6845903,5.831027,5.6709766,6.1494946,6.2980533,6.117654,6.3450694,5.496335,5.7506323,6.05489
01/03/2012,4.994333,5.100453,5.577874,5.5214524,5.520308,4.469383,5.4046483,5.639875,5.655062,5.6537867,5.9191227,6.156707,5.5517316,6.2679768,5.0363064,5.6734085,5.6595206
01/04/2012,4.759991,4.9366593,5.2877903,5.154431,5.0908685,4.123032,4.9953103,5.352485,5.3691387,5.371046,5.388427,5.7611823,5.000162,5.952275,4.5484185,5.3712964,5.0679445
01/05/2012,4.7507167,4.739082,5.2043915,4.8769474,4.963839,3.744924,4.8369136,5.327642,5.1763177,5.313039,5.150008,5.677116,4.4928193,5.8357477,4.0699363,5.318749,4.7754407
01/06/2012,4.8064113,4.6229243,5.195427,4.7118545,4.809046,3.383696,4.8500633,5.3875327,5.006528,5.4234624,4.9922824,5.763328,4.2476296,5.757582,4.114568,5.292487,4.345417
01/07/2012,4.7260284,4.3851614,5.046642,4.4713736,4.536867,3.0598998,4.710836,5.2692056,4.675722,5.2603245,4.6708584,5.5710554,3.9317012,5.49258,3.5634875,4.9259305,3.727889
01/08/2012,4.7600627,4.4362903,5.074787,4.474461,4.6562552,3.186655,4.747299,5.3461432,4.673457,5.307567,4.565358,5.6507707,4.067564,5.640948,3.7804246,5.131948,3.3833504
01/09/2012,4.792559,4.4973254,5.107045,4.5384407,4.8147917,3.9016604,4.7962375,5.3918242,4.788387,5.3673744,4.6270013,5.6795,4.4259906,5.782485,4.5053005,5.2714825,3.8656235
01/10/2012,4.7679305,4.5336723,5.0177336,4.5707345,4.9152374,4.0518165,4.7827945,5.341983,4.826653,5.3102493,4.6758413,5.5217266,4.449582,5.3022385,4.6902537,4.840815,3.8874269
01/11/2012,4.784298,4.5357585,4.9725056,4.5819163,4.7797084,3.8541079,4.870325,5.3787947,4.810345,5.383718,4.7179103,5.384755,4.3274403,5.015743,4.5707107,4.618919,3.432417
01/12/2012,4.858446,4.557991,5.0118685,4.637897,4.7691107,4.006684,4.932959,5.5352926,4.8027635,5.4974556,4.8205614,5.5023313,4.328811,4.9708605,4.5838,4.6378016,3.6664367
01/01/2013,4.928839,4.657042,5.104685,4.7197104,4.8553705,4.067135,5.0087857,5.618942,5.0017595,5.5112004,4.8632383,5.5936456,4.4118404,5.1643133,4.8601747,5.1014066,3.791809
01/02/2013,5.034375,4.744041,5.2693963,4.8401475,4.9329042,4.147291,5.0751686,5.677688,5.0121307,5.618,4.8180103,5.954993,4.595399,5.5428147,5.2520633,5.590546,4.105592
01/03/2013,4.8749447,4.6161294,5.153954,4.7513723,4.8380136,4.0097833,4.9209037,5.4631352,4.9117684,5.442071,4.7581196,5.842066,4.64046,5.587697,5.276501,5.78115,4.187441
01/04/2013,4.911649,4.5502424,5.1660657,4.579079,4.707968,3.7495613,4.8782163,5.495167,4.7672153,5.46788,4.6610236,5.796778,4.3697953,5.5020094,5.0492406,5.739677,3.968525
01/05/2013,4.797721,4.366803,5.117011,4.4606924,4.5844793,3.940332,4.720729,5.35264,4.487169,5.315399,4.473448,5.809486,4.431665,5.613959,5.225408,5.8999777,4.0106416
01/06/2013,4.6730638,4.4306517,5.0498724,4.6414137,4.8230886,4.44659,4.781221,5.2476645,4.645169,5.2455783,4.6691895,5.642414,4.7745824,5.524993,5.44461,5.8126926,4.6020985
01/07/2013,4.546845,4.3052673,4.935634,4.518342,4.7167897,4.3863773,4.610009,5.10478,4.476869,5.171597,4.5963645,5.422175,4.577458,5.3486824,5.324483,5.6447864,4.6135783
01/08/2013,4.2224884,3.9148092,4.657829,4.1415334,4.385352,3.7885547,4.1570044,4.6590686,4.017079,4.8012257,4.1448236,5.1525474,3.8907528,5.1535845,4.693365,5.4866076,4.3129206
01/09/2013,4.026735,3.7315488,4.4856668,4.0163755,4.094434,3.1981945,3.957103,4.4094086,3.817749,4.570794,3.9994955,4.9763083,3.8660645,4.977703,4.275012,5.328691,4.078555
01/10/2013,3.9350748,3.6557913,4.432702,3.925836,3.9453506,2.965796,3.843706,4.299557,3.6962748,4.459524,3.832078,4.986143,3.644693,5.030608,3.7773848,5.3598285,3.894782
01/11/2013,3.890264,3.6448479,4.4171453,3.9329767,3.9381862,3.1815886,3.7761436,4.204011,3.6648035,4.3525577,3.8440228,4.996407,3.6144257,5.1061153,3.6567926,5.5454254,4.0367365
01/12/2013,3.7232757,3.5556316,4.239154,3.8859487,3.9356947,3.2629013,3.5639374,3.9392233,3.559792,4.154372,3.756225,4.817915,3.6402225,4.9129725,3.7214756,5.3094745,3.9927244
01/01/2014,3.5100937,3.3206224,4.0234923,3.7512064,3.8734913,3.1764627,3.3772092,3.691733,3.2972932,3.959477,3.7058353,4.558885,3.6252737,4.6480536,3.5442352,4.9958706,3.8847923
01/02/2014,3.3051372,3.0412316,3.720951,3.3753037,3.552544,2.7775645,3.0320141,3.4519076,3.002274,3.67136,3.3932924,4.099345,3.19072,4.2150617,2.9228926,4.4204235,3.1206012
01/03/2014,3.3907413,3.0180573,3.6875129,3.3383489,3.4985185,2.8130054,3.0134346,3.5006166,2.9982686,3.6709309,3.395629,4.0471673,3.021419,4.109919,2.750492,4.2162538,2.865839
01/04/2014,3.3017635,2.892065,3.6254764,3.2644153,3.4237623,2.9724717,2.8736372,3.3788562,2.8320074,3.5241485,3.1280518,4.0329933,3.1204343,4.2530537,2.796793,4.378021,2.9614568
01/05/2014,3.2921553,2.7897358,3.5737514,3.1811953,3.260386,2.7843595,2.8221312,3.3416748,2.763784,3.5070658,3.0516386,3.9480567,2.9476166,4.2892694,2.6134014,4.486561,2.88527
01/06/2014,3.1825185,2.6126742,3.5560489,2.9186249,3.0462265,2.5480628,2.5947485,3.1639218,2.438116,3.3689141,2.699852,4.101515,2.6468158,4.514003,2.458775,4.6661854,2.6089191
01/07/2014,3.1630278,2.6688457,3.564012,2.9728293,3.0608416,2.5509715,2.638238,3.1283855,2.6667356,3.335631,2.8280377,4.1890383,2.7826905,4.60279,2.4699092,4.843974,2.7071118
01/08/2014,3.1909704,2.6236534,3.6054015,3.0290365,3.1229734,2.876389,2.6858954,3.2019377,2.6479006,3.4049392,2.8474212,4.260659,2.9702306,4.7802806,2.6901364,5.0938725,2.8682113
01/09/2014,3.1964421,2.5638819,3.6096096,2.9434085,3.2040834,2.9356241,2.6255116,3.190744,2.5640726,3.3655286,2.756083,4.2930007,2.7764559,4.7890663,2.4769187,5.037689,2.687943
01/10/2014,3.1653762,2.5274396,3.5235047,2.9271245,3.2371879,3.0462027,2.5573907,3.126347,2.5030136,3.262782,2.7700782,4.1386843,2.9094815,4.488468,2.8826475,4.6992064,2.845788
01/11/2014,3.0809402,2.3765922,3.4243584,2.743268,3.1597495,2.8360605,2.3695831,3.030455,2.336526,3.2036185,2.3736715,4.013264,2.4907947,4.523635,2.645564,4.578316,2.6791453
01/12/2014,3.0620813,2.393794,3.3591986,2.7457833,3.050971,2.5676966,2.3412707,2.9609084,2.3241878,3.0769587,2.3132563,3.8269758,2.32687,4.2791724,2.385378,4.3264866,2.226019
01/01/2015,3.0144572,2.370584,3.303659,2.6453495,2.9706478,2.1593928,2.1997578,2.8726935,2.2032857,2.9556036,2.0273328,3.767538,1.9973278,4.2461395,1.6444325,4.2073607,1.2077212
01/02/2015,3.06468,2.4523973,3.3147693,2.7241588,2.9833436,2.4398446,2.2422197,2.9225945,2.1669984,3.0125737,2.0593405,3.751564,2.0438194,4.2167068,1.925385,4.323864,1.6724825
01/03/2015,2.9295325,2.396834,3.2228231,2.6336074,2.8665066,2.266395,2.1349041,2.8086185,2.0326257,2.9191136,1.8605232,3.6028624,1.892972,4.0264964,1.6846299,4.208255,1.5247703
01/04/2015,2.9307842,2.5182724,3.171277,2.7007103,2.878189,2.2219539,2.149976,2.7792811,2.1971583,2.886176,2.0543575,3.5128355,1.9456983,3.890562,1.678443,4.047966,1.4431715
01/05/2015,2.9101968,2.656567,3.1885147,2.8165936,3.0868769,2.1796346,2.1911516,2.7596593,2.3602128,2.9129982,2.1863937,3.5137534,1.9396782,3.9067626,1.7642736,4.0395737,1.4920831
01/06/2015,2.984786,2.7091146,3.15274,2.8496504,3.074956,2.2669673,2.2345972,2.8699875,2.5044918,2.9515266,2.2849798,3.3672094,1.9363761,3.7790895,1.6717911,3.927791,1.3810277
01/07/2015,3.010559,2.689445,3.1353116,2.7611375,3.0678988,2.347219,2.1603065,2.8768659,2.2463322,2.917695,2.0721674,3.27816,1.6711235,3.6439538,1.6160965,3.886664,1.2453198
01/08/2015,3.0401707,2.755952,3.1661868,2.6982784,3.031814,2.1166205,2.153336,2.865088,2.2816896,2.9062152,2.0522475,3.3582568,1.5337229,3.5567164,1.3079047,3.7404418,0.92140436
01/09/2015,3.0102134,2.7088523,3.1973362,2.6360512,2.8418064,1.9302726,2.1321273,2.8398037,2.1839023,2.9168725,1.8916249,3.392613,1.3078809,3.6245346,1.1580706,3.88484,0.6013155
01/10/2015,3.0230641,2.7701735,3.2706141,2.6302457,2.7354836,2.064073,2.2012525,2.8849006,2.264297,3.017795,1.8603563,3.520763,1.170373,4.0602326,1.0854244,4.5181036,0.6305933
01/11/2015,3.014183,2.779007,3.2811046,2.6570559,2.7597904,2.187395,2.2067785,2.8562903,2.2967935,2.9917598,1.9345641,3.559029,1.3831854,4.025364,1.3673544,4.500103,0.89879036
01/12/2015,3.0179381,2.7040124,3.3166885,2.5471091,2.6927948,2.2454023,2.1827977,2.8787255,2.1818876,3.0679107,1.8578649,3.6956787,1.4024854,4.2367935,1.3396621,4.777026,0.92725754
01/01/2016,3.0757666,2.6433825,3.351736,2.5388002,2.6833773,2.4795294,2.1928294,2.9471517,2.1041393,3.1254292,1.8410683,3.742838,1.6118526,4.258144,1.9489169,4.865265,1.6451716
01/02/2016,2.9425979,2.5479078,3.3262968,2.5130033,2.6634693,2.1512032,2.1218326,2.7869225,2.1546245,3.0393243,1.8688321,3.6885262,1.4935851,4.2936683,1.5666962,4.7326922,0.98086596
01/03/2016,2.9043794,2.6311636,3.3147573,2.59341,2.6968122,2.5408387,2.147755,2.7605295,2.2482276,2.964437,2.0401478,3.6414385,1.6818285,4.3143272,1.9074917,4.8456073,1.2749076
01/04/2016,2.8717637,2.4410248,3.2979965,2.449298,2.8541803,2.5750637,2.0474494,2.728057,2.0254135,2.9125333,1.9142747,3.584516,1.4416456,4.4478297,1.8449903,4.9590707,1.6324401
01/05/2016,2.8253198,2.28405,3.3031821,2.4098516,2.8966188,2.844417,2.0460792,2.6905894,1.9672155,2.8860927,1.8796563,3.6215186,1.5739679,4.6127915,1.9656897,5.095792,1.7508268
01/06/2016,2.745819,2.270317,3.247738,2.454698,2.9063106,2.8612852,2.031912,2.565229,1.9851804,2.7745605,1.879561,3.543377,1.6982675,4.4866323,2.1481633,4.924834,1.9325972
01/07/2016,2.6980877,2.167642,3.2969594,2.4544954,2.9397845,2.7085185,2.0398076,2.522552,1.9236207,2.808392,1.8695235,3.7195563,1.8490672,4.804635,2.2036433,5.07921,1.8431067
01/08/2016,2.6626825,2.095747,3.2292008,2.4381876,2.8267264,2.666366,1.9870926,2.522552,1.8741846,2.7582526,1.831007,3.547883,1.847136,4.7242045,2.2879958,4.9877405,1.9380212
01/09/2016,2.6287198,2.1017313,3.1380534,2.4976492,2.9087305,2.759695,1.9838605,2.4710894,1.9189358,2.7043104,1.9464135,3.3780694,2.049768,4.5546055,2.4375916,4.7813296,2.386105
01/10/2016,2.6498199,2.0045161,3.2011032,2.5276184,3.0435324,2.845788,1.9809071,2.4621725,1.8392205,2.7129889,1.9646168,3.5111666,2.2404432,4.4603586,2.7133584,4.5511246,2.550888
01/11/2016,2.655363,1.9570827,3.1906247,2.526784,3.0517697,2.9236555,1.9825253,2.4668097,1.7247796,2.7004242,2.0707846,3.4638643,2.3109198,4.396534,2.7209878,4.5250416,2.5328994
01/12/2016,2.671373,1.972878,3.2108426,2.566862,3.117299,3.138888,2.0162923,2.4950862,1.7346501,2.6767015,2.035749,3.4073472,2.223599,4.422164,2.7469516,4.5654774,2.708745
01/01/2017,2.73211,2.0510912,3.3041716,2.6539683,3.2085896,3.5851002,2.1627717,2.5964856,1.8832088,2.8185368,2.2188902,3.5362244,2.2904396,4.727006,3.0610561,4.912317,3.1397223
01/02/2017,2.7738452,2.0733953,3.2694817,2.6195407,3.2424688,3.6457658,2.143532,2.6332498,1.778698,2.8250098,2.1325588,3.4903169,2.3438454,4.619956,3.1470895,4.9208164,3.2927275
01/03/2017,2.7689457,1.9157171,3.2442808,2.4825454,3.160262,3.2583833,2.0124278,2.5397778,1.5607476,2.7727127,1.8386602,3.4586787,2.1595955,4.594934,2.7984738,4.733777,2.8200269
01/04/2017,2.712655,1.906991,3.220892,2.4459124,2.985227,3.0948997,1.9893585,2.466607,1.4925718,2.746749,1.7914176,3.5065532,2.2214413,4.440427,2.9624581,4.634154,2.5283813
01/05/2017,2.7003646,1.8675208,3.1496048,2.323401,2.7889729,2.9397845,1.848304,2.443397,1.311326,2.6322007,1.6245604,3.3720255,2.0251036,4.182887,2.5683403,4.323542,2.1082878
01/06/2017,2.6461363,1.7401457,3.0963302,2.2016525,2.619791,2.93473,1.6866628,2.3540974,1.0141134,2.5306702,1.4318705,3.3019185,1.9154787,4.158175,2.3176312,4.3058395,1.8741965
01/07/2017,2.595675,1.696229,3.0929089,2.1166801,2.4355173,2.933073,1.5790123,2.2868872,0.9322524,2.3760915,1.2155056,3.253436,1.7031789,4.1332364,2.0890236,4.36548,1.8172264
01/08/2017,2.5345206,1.6728044,3.05233,2.0632625,2.4807096,2.7025104,1.4976656,2.1741152,0.8643508,2.2687078,1.0761976,3.1242967,1.6259909,3.9312243,2.0836592,4.2192698,1.9231677
01/09/2017,2.5527716,1.7154813,3.0594707,2.0640612,2.5619507,2.746427,1.4565881,2.1644115,0.90932846,2.1833181,1.0621309,3.0821323,1.6029716,3.945887,2.151394,4.1493177,2.0850897
01/10/2017,2.5109768,1.7160177,3.0048847,2.0461679,2.4674773,2.7507067,1.4428048,2.146721,0.8963585,2.1062613,1.1072397,2.8643131,1.4576674,3.879261,1.6972661,4.1472793,1.8049121
01/11/2017,2.5435567,1.7571211,3.0739784,2.1514535,2.541697,3.055513,1.4701736,2.2046566,1.0931373,2.0385861,0.99470615,2.9673815,1.4837384,4.0150046,1.9450426,4.2523503,2.0685673
01/12/2017,2.478826,1.7641187,3.0665994,2.2417068,2.664256,3.14039,1.4535706,2.103901,1.1851907,1.9565344,1.0915399,2.979362,1.7531395,4.0081263,2.141428,4.222226,2.348113
01/01/2018,2.4158716,1.7338037,2.9568672,2.158761,2.528417,2.6075602,1.3471954,1.9957423,1.0971189,1.785028,0.9813905,2.7791977,1.6958475,3.5950541,1.8168092,3.6364675,2.0917654
01/02/2018,2.421677,1.7349005,2.955854,2.1821856,2.4467826,2.7837634,1.3707778,2.020812,1.1984468,1.7096639,0.9627223,2.6619315,1.6276479,3.4380317,1.7405629,3.4378529,2.1579504
01/03/2018,2.4223566,1.7500639,2.953577,2.240026,2.5429845,3.0353308,1.3693093,2.0319223,1.1913657,1.6704202,1.0115862,2.634418,1.7012477,3.309381,1.8624663,3.4121752,2.4238229
01/04/2018,2.4731517,1.7205715,2.9965043,2.266097,2.6208282,3.1048656,1.3840398,2.1129131,1.1617303,1.6374111,0.948596,2.6109219,1.5940547,3.2734036,1.5860081,3.4004807,2.315545
01/05/2018,2.4784446,1.7951965,3.0287385,2.326405,2.763629,3.1269789,1.4260869,2.1323323,1.1910677,1.6134143,0.95306635,2.6042461,1.6550422,3.2902002,1.9527555,3.4426332,2.6575327
01/06/2018,2.6029348,1.8596649,3.156495,2.4142146,2.8698444,3.1296015,1.5978581,2.2985697,1.317358,1.7490983,1.1121869,2.7095437,1.7550826,3.2051206,1.9518137,3.4289837,2.8682947
01/07/2018,2.7334452,1.9352913,3.1674504,2.46346,2.9142857,3.163159,1.7108272,2.4122596,1.38942,1.8847823,1.2290597,2.6202679,1.8078327,3.0871034,2.1311998,3.2319546,2.9363394
01/08/2018,2.7856946,2.0592809,3.1943202,2.597332,2.8711557,3.669989,1.7849133,2.524376,1.4801025,1.8612027,1.2626171,2.6251793,1.9735456,3.1616092,2.0934582,3.3820033,3.072095
01/09/2018,2.8267384,2.0707488,3.209269,2.6049495,2.8246045,3.6668658,1.8519306,2.5652647,1.5230417,1.8945694,1.2889028,2.5828004,2.0757914,3.0373454,2.0772576,3.4472346,2.7950406
01/10/2018,2.774179,2.0421743,3.1281352,2.5629163,2.8060198,3.5800695,1.7548299,2.4694324,1.3928294,1.7760515,1.1596799,2.4530292,2.0518064,2.8606296,2.509725,3.2424927,3.148973
01/11/2018,2.67874,2.0123124,3.0341148,2.4813533,2.6297092,2.9693484,1.7012776,2.4307609,1.2474895,1.7173648,1.101768,2.1498084,1.9186378,2.4932027,2.1564722,2.8334618,2.318573
01/12/2018,2.6848316,1.9154191,2.962613,2.3550868,2.4460793,2.5023937,1.6339297,2.4700284,1.1207819,1.6079187,0.95016956,1.8621445,1.5160561,2.108562,1.7976999,2.526617,1.6102552
01/01/2019,2.5621414,1.7304897,2.8675318,2.2251725,2.1334171,2.332592,1.454504,2.3000479,0.87988377,1.2037039,0.42237043,1.5082598,1.0691881,1.7934322,1.3862252,2.4425268,1.3945818
01/02/2019,2.5004983,1.6286254,2.8365374,2.1979094,2.2086024,2.1578312,1.3718584,2.2406697,0.7941723,1.0095835,0.2600193,1.3871074,0.9529352,1.6601086,1.2817264,2.3108602,1.3306975
01/03/2019,2.5749683,1.5464306,2.9163241,2.131939,2.0953774,1.8640518,1.4120355,2.2996902,0.7842183,1.0715961,0.15323162,1.4061451,0.77074766,1.7034769,1.2287498,2.2677183,1.4343381
01/04/2019,2.5687814,1.6603589,2.9023647,2.1939158,1.9601941,1.925385,1.4656953,2.2752047,1.0299563,1.0456562,0.35779476,1.2901545,0.8894801,1.7115712,1.5495181,2.2990584,1.832509
01/05/2019,2.5510907,1.7364979,2.887237,2.241838,1.8976331,1.9408941,1.523465,2.2629976,1.1386633,0.9629965,0.2794981,1.0946512,0.85566044,1.5012383,1.4650702,2.0871162,1.7122626
01/06/2019,2.5036454,1.7137885,2.7760506,2.161312,1.8267989,2.6170492,1.4445702,2.2309422,1.1564851,0.70205927,-0.0024795532,0.80314875,0.50097704,1.4921904,1.6670585,2.0763636,1.9974709
01/07/2019,2.3521423,1.6227841,2.6789427,2.1952033,1.908052,2.5705218,1.3305404,2.1801472,1.2109518,0.4716158,0.011193752,0.5700469,0.65398216,1.2781858,1.7028689,2.0590067,1.9047856
01/08/2019,2.3199677,1.4941335,2.6461005,2.0568848,1.8527865,1.816392,1.267128,2.0937204,1.0889173,0.4277706,-0.059717894,0.46145916,0.4513383,1.0892868,1.2897491,1.7165899,1.4078856
01/09/2019,2.2464871,1.4565349,2.619946,2.008319,1.719904,1.5323997,1.2073053,2.0384073,0.9675741,0.19391775,-0.228405,0.38468838,0.19186735,0.8847594,1.1021376,1.3752222,1.2996197
01/10/2019,2.235794,1.4553905,2.6698828,1.964736,1.5931487,1.6409159,1.215487,2.0755172,1.0102034,0.19575357,-0.32771826,0.52262545,0.07419586,1.1963487,0.70647,1.6670346,0.97323656
01/11/2019,2.2748113,1.4803529,2.677095,2.059853,1.6994834,1.9556046,1.2837145,2.0755172,1.0716796,0.15895367,-0.22965074,0.56984425,0.32801628,1.3534784,0.92966557,1.870501,1.6418219
01/12/2019,2.2919893,1.5116215,2.701044,2.0279408,1.5860558,2.179122,1.2563792,2.0617247,1.0823607,0.16149282,-0.31219125,0.69162846,0.29166937,1.6210437,1.1019349,2.058506,2.1051407
01/01/2020,2.4105072,1.7349958,2.747798,2.1817327,1.9121647,2.4977446,1.3997576,2.203393,1.3209224,0.41788816,0.0975728,0.80901384,0.6287694,1.6687512,1.4852405,2.0524979,2.357483
01/02/2020,2.3719907,1.759398,2.6912332,2.1216035,1.7655015,2.1687746,1.362589,2.1658778,1.3222098,0.49784184,0.10429621,0.76760054,0.4844308,1.6002059,1.26127,1.9654632,2.087605
01/03/2020,2.2221804,1.8448353,2.5966048,2.1577954,1.9107819,2.3026943,1.3414952,2.0607352,1.3881922,0.39992332,0.17169714,0.7416725,0.5182147,1.6183257,1.1456013,2.0420313,1.8370867
01/04/2020,2.1337867,1.7887712,2.594161,2.2422671,2.231288,2.510047,1.3284976,1.9594908,1.2597919,0.34980774,0.11179447,0.87742805,0.8202672,1.7270684,1.3564706,2.0971656,1.1320829
01/05/2020,2.1205783,1.7598748,2.5807261,2.196622,2.2298336,2.363956,1.3108953,1.8969417,1.2089252,0.41145086,0.21740198,1.0600448,0.74204206,1.844728,1.0671139,2.2298694,0.7387996
01/06/2020,2.0398974,1.7435193,2.5946617,2.207017,2.3166776,2.4999022,1.2303282,1.7884731,1.2058735,0.5543828,0.48799515,1.2679219,0.87673664,2.0556927,1.1316895,2.4482608,0.9683728
01/07/2020,2.0770192,1.9029617,2.5898576,2.2277832,2.22646,2.333057,1.3008271,1.7260313,1.2635827,0.58721304,0.6035447,1.3528705,0.7997036,2.1481872,1.2022138,2.3295522,1.1886954
01/08/2020,2.109027,1.8974423,2.6510715,2.3164034,2.3164153,2.5609255,1.3984063,1.7884731,1.4156699,0.6704092,0.55758953,1.5242577,0.77741146,2.4397135,1.6153336,2.597487,1.5713573
01/09/2020,2.1851778,1.8395066,2.724576,2.3152351,2.2921324,3.2076597,1.4453839,1.8651605,1.4267802,0.91050863,0.5149245,1.7278314,0.87964535,2.7584672,1.7575026,3.031242,2.0173311
01/10/2020,2.1970391,1.825428,2.6739478,2.3321748,2.2217274,3.5926461,1.3856169,1.8773794,1.4148593,0.92738867,0.39048195,1.5861154,0.94833374,2.3032427,2.9043555,2.7927637,3.2785177
01/11/2020,2.275741,2.0078182,2.7255177,2.355945,2.2369504,3.797698,1.4830991,1.876533,1.6913533,1.0170221,0.6316304,1.670146,0.9014845,2.311802,2.9031873,2.7788997,3.0544758
01/12/2020,2.2828102,1.970303,2.7954102,2.386856,2.4527788,4.245484,1.5565827,1.9014239,1.6720176,1.1323214,0.5198598,1.7421961,0.9847045,2.551806,3.264141,2.8621197,3.1547785
01/01/2021,2.3162127,2.049923,2.90339,2.5676012,2.785349,4.155016,1.7673248,1.9143701,1.9459009,1.2322307,0.81523657,1.8785119,1.1337876,2.9032826,3.677106,3.1956673,3.4855127
01/02/2021,2.4869561,2.159214,3.054583,2.7335763,3.047514,4.8218727,1.9899219,2.0816684,2.0595312,1.4598846,1.1508107,2.1462083,1.6098738,3.2924056,4.2313337,3.6025167,4.043877
01/03/2021,2.647543,2.5387406,3.1226635,3.0301929,3.1087875,5.1459074,2.2113974,2.1939278,2.5294185,1.4902234,1.5406847,2.0466566,2.043879,3.1933784,4.7666907,3.5673738,4.7212005
01/04/2021,2.725339,2.609229,3.1243205,2.9755235,2.843976,4.979062,2.2173703,2.2633195,2.6136994,1.6667247,1.6148925,2.0242453,1.7670274,3.080368,4.3159604,3.385675,5.0272346
01/05/2021,2.7856708,2.5979638,3.1279206,3.010583,2.841258,5.1023364,2.2208247,2.3388386,2.6419759,1.8034339,1.6813993,2.00696,1.9798398,3.0504584,4.611099,3.3189654,5.544758
01/06/2021,2.8102398,2.5335312,3.055656,2.9837728,2.7630448,4.1471124,2.1808746,2.3368359,2.559948,1.8683672,1.6726851,1.896739,2.024138,2.716124,4.355955,2.912712,4.8291564
01/07/2021,2.8729439,2.5228143,3.0675411,3.0027032,2.8173327,4.2565823,2.1675844,2.4121523,2.440989,2.041316,1.7023206,1.9669056,2.1446824,2.618146,4.3408394,2.8099537,4.82527
01/08/2021,3.0504942,2.723217,3.149736,3.0772567,2.9110432,4.570544,2.299479,2.5546312,2.5524497,2.2127032,2.043414,1.9887686,2.4035692,2.6205182,4.511857,2.867806,4.8707247
01/09/2021,3.149104,2.8256774,3.1774998,3.1609774,3.0436635,4.0478826,2.3920627,2.6566863,2.632773,2.4461508,2.36516,2.0290852,2.6156545,2.6131988,4.6192884,2.7935147,4.749191
01/10/2021,3.333652,3.0794263,3.3727407,3.3824444,3.4543037,3.622198,2.77883,2.8632164,2.914095,2.720487,2.917087,2.359724,3.1253815,2.870226,4.0676117,2.7772307,3.950858
01/11/2021,3.6283612,3.3409238,3.6088347,3.6703587,3.7223458,3.6923885,3.0601063,3.2613993,3.1697392,3.1633735,3.2174587,2.6149511,3.5125256,3.0171275,4.4204354,2.9561162,4.483402
01/12/2021,3.9720774,3.7362337,3.8396955,3.9510727,3.815055,3.3357859,3.4212897,3.7003756,3.6963105,3.5702229,3.7724853,2.9532433,4.0136695,2.9511929,4.2028785,3.0316353,4.3545127
01/01/2022,4.18849,3.7972093,3.9951682,3.9273024,3.5865188,3.539288,3.5271156,4.023385,3.663993,3.878808,3.8845778,3.2229424,4.0655017,3.09999,4.070282,3.219831,3.9559484
