Fecha,Percentil equiponderado 80.0,Percentil ponderado 80.0,"Media Truncada Equiponderada (57.5, 92.0)","Media Truncada Ponderada (52.5, 97.0)","Inflación de exclusión dinámica (0.36, 2.5)","Exclusión fija de gastos básicos IPC (14, 17)",MAI óptima CORR,"MAI (F,4)","MAI (G,4)","MAI (F,5)","MAI (G,5)","MAI (F,10)","MAI (G,10)","MAI (F,20)","MAI (G,20)","MAI (F,40)","MAI (G,40)"
01/12/2001,13.082516,15.427256,12.934756,16.224205,11.020649,9.004271,9.671562,11.2424965,11.219681,10.92248,10.781312,10.248327,9.5197315,9.007776,8.282018,8.534824,7.9600573
01/01/2002,13.79937,16.320587,13.565135,16.457355,11.403931,9.234142,10.056311,11.715865,11.522388,11.309444,11.048222,10.485125,9.611583,9.146214,8.182156,8.781433,7.77148
01/02/2002,13.982534,16.956818,13.732016,16.929663,11.627722,9.599506,10.232573,11.85143,11.781084,11.388993,11.325932,10.760891,10.045409,9.165072,8.459532,8.815336,7.985282
01/03/2002,13.884914,16.830015,13.672686,16.890694,11.663961,9.528351,10.163643,11.915958,11.757505,11.556745,11.418629,11.031675,10.129046,9.369111,8.7062,9.009218,8.239687
01/04/2002,13.873756,17.036295,13.662791,16.983341,11.712896,9.419298,10.091255,12.047756,11.9733925,11.75462,11.792755,11.083233,10.316443,9.347391,8.861208,9.000826,8.429014
01/05/2002,13.866949,16.428816,13.667715,16.744959,11.481428,9.205687,10.112734,11.9737625,11.645985,11.825442,11.428881,11.234056,10.436392,9.767782,8.7997675,9.4551325,8.395588
01/06/2002,13.578987,16.223408,13.363552,16.21487,11.203361,8.971095,9.929835,11.629772,11.377621,11.637985,11.281109,10.894394,10.079527,9.407818,8.53138,9.108901,8.045435
01/07/2002,13.344204,16.075336,13.118542,15.607166,10.875547,8.618999,9.737479,11.413622,10.997534,11.426867,11.005449,10.636318,9.627665,9.320068,8.315611,9.1607685,7.702267
01/08/2002,12.044334,14.722216,11.998272,14.296091,10.044252,7.811177,8.923944,10.364044,9.834647,10.36545,9.894192,9.675169,8.550286,8.460056,7.3604107,8.335471,6.888294
01/09/2002,11.573887,14.174628,11.518574,14.024377,9.818912,7.50798,8.527419,9.826946,9.392762,9.863842,9.391665,9.344971,8.079374,8.114171,7.171452,7.965839,6.6959143
01/10/2002,11.099136,13.604212,10.94234,13.375711,9.251844,6.9546103,8.073002,9.281075,8.878767,9.259272,8.82305,8.71017,7.572663,7.5912356,6.863463,7.2645426,6.1592817
01/11/2002,10.58997,13.391865,10.553098,13.434744,9.467876,6.9332123,7.782579,8.872938,8.820033,8.846676,8.692408,8.334279,7.430601,7.3292136,6.8695903,7.0679307,6.3385606
01/12/2002,10.15259,13.066196,10.203409,13.045716,9.2360735,6.5704346,7.490482,8.469402,8.47187,8.44549,8.410131,7.9397798,7.047105,7.0464373,6.5211177,6.7923427,6.0224056
01/01/2003,9.237968,12.182606,9.180319,12.402832,8.236731,6.020272,6.8961954,7.754898,7.8686595,7.8008413,7.9583645,7.18354,6.5921426,6.561148,6.463802,6.257856,6.2057495
01/02/2003,8.806574,11.394024,8.701539,11.777651,7.8484297,5.5606008,6.502304,7.3777676,7.413304,7.385409,7.453668,6.753671,6.180966,6.334007,6.266606,5.9646487,5.878949
01/03/2003,8.484268,11.000311,8.373892,11.565054,7.745731,5.512476,6.208291,7.088518,7.2022676,7.086849,7.18168,6.4847827,6.2699556,6.0763717,6.156945,5.6399345,5.7178855
01/04/2003,8.391989,11.168205,8.281744,11.540389,7.825911,5.700302,6.142273,6.95374,7.2621465,6.9378138,7.1855664,6.4276457,6.246078,6.075585,6.1168075,5.736184,5.7476163
01/05/2003,8.38319,11.407447,8.244265,11.585331,7.8591347,6.0302973,6.086075,6.9978,7.6193094,6.9557548,7.457876,6.3817024,6.3720226,5.721462,6.0706496,5.4825544,5.612397
01/06/2003,8.30077,11.313688,8.187938,11.55814,7.732725,5.915022,6.021783,7.0219994,7.4801207,6.880164,7.3931932,6.3401937,6.4527273,5.5184007,5.942476,5.151534,5.4825783
01/07/2003,8.216513,10.761976,8.121586,11.466921,7.7476144,5.9638023,5.962389,6.910324,7.2507977,6.6741824,7.0346713,6.2664747,6.2059164,5.635524,5.894637,5.1411986,5.4140925
01/08/2003,8.081114,10.498608,7.977283,11.350405,7.708633,5.940175,5.8153486,6.8084598,7.058203,6.5609217,6.8608403,6.2102675,6.1309576,5.664575,5.8097363,5.1677585,5.210483
01/09/2003,8.011365,10.347832,7.966614,11.315703,7.815826,6.0133696,5.8378973,6.777203,6.790781,6.5528274,6.805861,6.257081,6.3988566,5.9319496,6.0994506,5.398822,5.6978583
01/10/2003,7.8312993,10.400856,7.850766,11.338353,7.817149,6.142473,5.7420053,6.637907,6.6492558,6.39385,6.73908,6.247866,6.534362,5.8412075,6.2498093,5.370748,5.7669163
01/11/2003,7.663405,10.41416,7.6465964,11.148537,7.586825,6.1192393,5.5267906,6.4657927,6.3771486,6.2648296,6.7606926,6.1742783,6.7186594,5.7515025,6.04614,5.2680016,5.4571033
01/12/2003,7.596183,10.715998,7.6053143,11.246681,7.690966,6.236291,5.485933,6.421256,6.543803,6.3037395,6.8805456,6.228757,7.0061207,5.8845162,6.2646747,5.40179,5.734813
01/01/2004,7.522309,11.253476,7.6267123,11.861634,8.172536,6.7641854,5.466483,6.4532876,7.1780443,6.303656,7.29723,6.4130545,7.4775577,6.0603976,6.581104,5.5493236,6.062627
01/02/2004,7.371688,11.371983,7.5174212,12.2012615,8.360779,6.845176,5.4201326,6.3579917,7.2553873,6.234646,7.3829293,6.3840985,7.814586,5.968356,6.865895,5.492747,6.4198136
01/03/2004,7.359767,11.307049,7.5913906,12.388336,8.449388,7.0691347,5.5067134,6.3616395,7.329762,6.1983824,7.4615836,6.3425183,8.003354,6.019962,7.222986,5.5470705,6.791389
01/04/2004,7.1902037,10.957754,7.4974537,12.3665695,8.34446,6.9268703,5.417144,6.2370777,7.0560813,6.088841,7.239008,6.249702,7.9096794,5.866635,7.1472645,5.393529,6.880176
01/05/2004,7.4089885,11.4494915,7.6763034,12.68264,8.665049,7.099879,5.598198,6.399715,7.1894884,6.184602,7.4887037,6.3477516,8.189571,5.937469,7.4861407,5.5808663,7.369101
01/06/2004,7.498276,11.761152,7.727051,12.862837,8.840179,7.216823,5.6387086,6.4283013,7.65512,6.1551332,7.7228785,6.280768,8.162487,5.9651613,7.6206923,5.68943,7.61348
01/07/2004,7.4772716,11.867655,7.679689,12.82649,8.76075,7.3435426,5.567236,6.4051986,7.6904655,6.1091304,7.7723265,6.1261177,8.447372,5.614841,7.6990485,5.305493,7.676995
01/08/2004,7.772255,12.289047,7.993555,13.1297,8.903027,7.631147,5.849471,6.6750884,8.010054,6.401956,8.049166,6.3764334,8.707439,5.663514,8.029043,5.446422,8.1234455
01/09/2004,8.070314,12.9974,8.323336,13.735115,9.204292,8.002353,6.102781,6.964636,8.537256,6.704986,8.559406,6.814289,9.123146,6.1529875,8.496534,5.8970213,8.370007
01/10/2004,8.447075,13.241982,8.779073,14.309942,9.619188,8.228767,6.5036592,7.303798,8.79792,7.1523666,8.836794,7.4566007,9.639132,6.816244,8.976948,6.5504193,8.91403
01/11/2004,8.92489,13.737106,9.25355,15.052164,9.896219,8.493733,6.919763,7.8125954,9.224653,7.6401353,9.189331,7.8126907,10.03331,7.319808,9.48379,7.1089625,9.593857
01/12/2004,9.171081,13.784003,9.464371,15.041626,9.8318815,8.535862,7.11958,8.0035095,9.191715,7.824588,9.232939,8.009756,10.005212,7.4430704,9.538221,7.216251,9.521257
01/01/2005,9.467983,13.241291,9.9087715,14.566565,9.8431,8.250797,7.4082613,8.239067,9.008622,8.153999,9.030628,8.2299595,9.886038,7.6174855,9.293532,7.458365,9.047604
01/02/2005,9.682012,13.082611,10.075784,14.148498,9.5908165,8.252215,7.529298,8.410907,8.843887,8.323729,8.941566,8.279252,9.43445,7.7475667,8.675337,7.7864885,8.64706
01/03/2005,9.764099,13.272751,10.058045,14.037395,9.439158,7.9758167,7.4910545,8.454239,8.880175,8.376133,8.982193,8.253694,9.235394,7.688737,8.427084,7.6891303,8.26242
01/04/2005,9.769333,13.288236,10.015631,14.240217,9.494686,8.046889,7.466944,8.455849,9.011734,8.313406,9.050953,8.155001,9.504568,7.5846076,8.586216,7.6092005,8.345151
01/05/2005,9.753311,12.808442,10.022438,14.311242,9.461987,7.9707265,7.4378123,8.475351,8.934879,8.397329,8.854664,8.188128,9.445202,7.940483,8.52722,7.7347636,8.251583
01/06/2005,9.660602,12.61735,9.968019,14.558924,9.523905,8.2545395,7.3904853,8.471262,8.672571,8.3498955,8.610355,8.112311,9.59692,7.8641295,8.6600065,7.6734543,8.36513
01/07/2005,9.761786,12.99243,10.06453,15.0980835,9.759641,8.326387,7.493389,8.56086,8.953512,8.517063,9.0065365,8.364701,9.773481,8.277643,9.180105,8.130943,8.847607
01/08/2005,9.431707,12.80514,9.799838,14.905298,9.558415,8.028555,7.275674,8.233261,8.783507,8.197319,8.825005,8.1071615,9.557223,8.25901,9.013807,8.063328,8.66704
01/09/2005,9.340513,12.620926,9.693373,14.861261,9.677374,7.990861,7.178913,8.142161,8.904993,8.14147,8.771288,7.865119,9.507549,7.875538,8.908534,7.7184677,8.876014
01/10/2005,9.52524,13.972628,10.111356,16.217815,10.507261,8.577883,7.5703173,8.327293,9.372437,8.235073,9.444094,8.207321,10.203171,8.299255,9.908926,8.249128,9.8272085
01/11/2005,9.468567,14.010143,10.109758,15.870857,10.497379,8.026624,7.6298804,8.1891775,9.269118,8.024776,8.981884,8.149576,9.462261,7.92253,9.342408,7.619202,8.8820095
01/12/2005,9.435738,13.733029,10.056793,15.67111,10.4724045,7.814491,7.5510626,8.178854,9.316719,7.9790115,8.830023,8.031154,8.950699,7.6429963,8.652353,7.398641,8.094835
01/01/2006,9.147549,14.180672,9.79054,15.358007,9.897542,7.654643,7.4282317,7.8610897,8.8325615,7.6579213,8.693993,7.6705694,8.575714,7.056904,8.129395,6.77557,7.7770233
01/02/2006,8.758497,13.751125,9.498966,14.908648,9.736061,6.9632053,7.188922,7.5384736,8.5292225,7.344258,8.224702,7.3896885,7.9535604,6.5079093,7.852292,5.973482,7.3928833
01/03/2006,8.705735,13.826752,9.578681,15.1018505,9.826649,6.963992,7.310069,7.48837,8.4064245,7.285452,8.142114,7.472062,7.7562094,6.539154,7.7657104,6.0736895,7.395482
01/04/2006,8.8920355,13.853908,9.769333,15.374613,9.939504,7.0316195,7.4770517,7.5775623,8.427167,7.3698163,8.065581,7.6684237,7.5639486,6.8505526,7.786846,6.4483285,7.4193716
01/05/2006,8.626866,13.644993,9.564018,15.691233,9.934128,6.8448663,7.3050356,7.3200703,8.170403,7.0761085,7.733786,7.4869275,7.2681427,6.539738,8.122671,6.343913,7.5321317
01/06/2006,8.485484,13.193405,9.525156,15.2153015,9.773981,6.6874623,7.2917137,7.0869207,7.8332067,6.9502234,7.4748755,7.5044036,7.00202,6.7913055,7.9493403,6.7236543,7.5202584
01/07/2006,8.469069,12.920797,9.539139,14.824462,9.61672,6.4605474,7.2847195,7.087493,7.6286554,6.8891525,7.0778847,7.4517965,6.7293763,6.5633416,7.3832035,6.567347,7.056463
01/08/2006,8.517957,12.692976,9.533728,15.031397,9.791279,6.3990474,7.270974,7.1475506,7.5199246,6.7767143,6.99203,7.274866,6.634867,6.485498,7.7014446,6.493044,7.20855
01/09/2006,8.3148365,12.157404,9.255255,14.1657715,9.10672,5.7088017,7.0342746,6.919229,6.830418,6.4419627,6.473267,6.8011403,5.8985114,5.8698773,6.8689704,5.8654547,5.905819
01/10/2006,7.822287,10.426962,8.399892,11.967921,7.7666283,4.7483563,6.26573,6.4485073,6.1526895,5.948198,5.5573106,5.693805,4.435861,4.713464,5.071044,4.485917,4.1299105
01/11/2006,7.442546,9.567213,7.9933524,11.21695,7.3028564,4.9613833,5.8545685,6.1187625,5.803275,5.647409,5.37349,5.345845,4.338062,4.5389175,4.995942,4.5569897,4.21288
01/12/2006,7.412064,9.526849,8.049011,11.696053,7.4332476,5.1490545,5.9003973,6.104195,5.641091,5.6328893,5.3236723,5.4807067,4.826331,4.8851967,5.712235,5.002916,5.160439
01/01/2007,7.3087215,8.68107,7.72146,11.579954,7.4018717,5.1865935,5.7302237,6.0106277,5.7797074,5.3578734,5.1805615,5.1766396,4.996872,4.8017025,6.0810924,4.972768,5.466509
01/02/2007,7.3522687,9.026373,7.7850223,11.910057,7.455051,5.8164,5.7556734,6.094229,6.1410427,5.387616,5.660939,5.259979,5.6887627,5.078888,6.391704,5.320716,5.739808
01/03/2007,7.497108,9.349907,7.851076,12.078751,7.5977087,6.260705,5.819869,6.1722994,6.5348864,5.4549932,6.0963035,5.2589893,6.0988545,5.2773,6.856251,5.478537,6.1257243
01/04/2007,7.3901534,9.393728,7.714224,11.589885,7.6275945,6.1102867,5.7100725,6.1215878,6.6309214,5.373478,6.151557,5.0250173,5.939722,4.9263477,6.7254186,4.915738,5.8706164
01/05/2007,7.503879,9.277678,7.7025414,10.638725,7.230222,5.6667686,5.7029753,6.1567664,6.461239,5.3092957,6.027806,4.8567533,5.475235,4.6010494,5.720806,4.566133,5.364752
01/06/2007,7.662177,9.356046,7.7941656,10.788452,7.188332,5.527246,5.7179713,6.315577,6.544733,5.3694725,5.9883714,4.966688,5.556333,4.489982,5.864775,4.2587876,5.3397655
01/07/2007,7.7765703,9.66202,7.8176737,11.020207,7.3446393,6.177962,5.7820764,6.38721,6.7899585,5.422735,6.3881874,4.8909187,5.6890965,4.429078,6.158519,4.17248,5.5765986
01/08/2007,8.053743,10.241246,8.146834,11.320602,7.4831486,6.754577,6.103388,6.6725016,7.1711063,5.79679,6.773889,5.3416014,6.1564445,4.7281623,6.149626,4.3758035,5.6586623
01/09/2007,8.32094,10.644126,8.366966,11.786485,7.69099,7.395017,6.275429,6.954682,7.578659,6.05371,7.147169,5.6852818,6.5648675,5.1228523,6.6043377,4.766965,6.222117
01/10/2007,8.426666,10.8389015,8.628309,12.3192425,8.077204,7.628393,6.5586615,7.073581,7.604587,6.22108,7.285309,6.075394,6.8357587,5.5346966,7.060623,5.2708745,6.6758037
01/11/2007,8.935892,12.349236,9.203661,14.196563,9.206545,8.588076,7.0148454,7.4689865,8.451796,6.703794,8.336008,6.7349195,8.424616,6.254554,8.302439,5.9259415,8.162189
01/12/2007,9.243345,13.766182,9.4314575,14.983487,9.696234,9.105766,7.204548,7.697463,9.203136,6.954086,9.184146,6.845367,9.065914,6.3045382,8.791327,5.7551384,8.819092
01/01/2008,9.581947,14.215016,9.776485,15.187335,9.748411,9.072638,7.255728,8.077633,9.191179,7.261753,9.220171,7.060826,8.917343,6.431353,8.560789,5.8754444,8.571327
01/02/2008,10.012781,14.853727,10.139847,15.686262,10.208284,9.346986,7.585903,8.345736,9.498811,7.5932145,9.507572,7.2237372,9.095896,6.538725,9.114027,5.998993,9.151066
01/03/2008,10.405278,14.912807,10.51613,16.085232,10.54132,9.463608,7.8233614,8.733058,9.65662,8.004165,9.461474,7.563305,9.492147,6.784272,9.168089,6.339431,9.195304
01/04/2008,10.907984,15.922093,10.993778,17.207516,10.9104395,10.424816,8.228115,9.151638,10.174012,8.472919,10.189819,8.064437,10.332918,7.214296,9.991002,6.808758,9.806371
01/05/2008,11.335802,17.413925,11.533106,18.979347,11.919535,11.670113,8.675236,9.6966505,11.245573,9.125364,11.388052,8.77893,11.630238,7.9744697,11.529183,7.4816346,11.070323
01/06/2008,11.920034,18.86077,12.114263,20.29345,12.765646,12.38122,9.24272,10.141754,11.987782,9.702253,12.45817,9.319389,12.445784,8.803225,12.478828,8.372569,12.085748
01/07/2008,12.704039,19.918764,12.897194,21.413862,13.622212,12.253189,9.835051,10.710049,12.566721,10.406887,13.020193,10.184169,13.149416,10.068154,12.982452,9.452724,13.010597
01/08/2008,12.772596,19.682049,12.864137,21.077383,13.501215,11.874044,9.780504,10.687542,12.347305,10.484767,12.897611,10.111057,12.855148,9.947121,12.880957,9.344816,12.890005
01/09/2008,12.90325,19.696438,13.045979,21.080566,13.548052,11.335349,9.999298,10.75635,12.233233,10.528111,12.681282,9.954166,12.415695,9.962797,12.408829,9.358859,12.670338
01/10/2008,13.208842,20.018566,13.222671,21.179604,13.513792,11.609364,10.114738,11.035967,12.422096,10.85825,12.915146,10.081434,12.609947,9.932434,12.310362,9.37475,12.383902
01/11/2008,13.054764,18.90626,12.9647255,19.528889,12.441969,10.311961,9.942278,10.959185,11.6275425,10.738373,11.963224,9.764421,10.970127,9.573865,10.89183,9.032667,10.592198
01/12/2008,12.596882,17.128956,12.529588,17.996002,11.624026,8.864212,9.579497,10.528982,10.569978,10.027647,10.195231,9.060299,9.4931965,8.940387,9.338403,8.449184,8.721697
01/01/2009,11.607349,15.837216,11.567116,16.757118,10.485721,7.7104807,9.034824,9.56403,9.772766,8.688879,8.747101,8.046663,8.329129,7.848048,8.0973625,6.7552805,7.432556
01/02/2009,10.8506565,14.608526,10.821033,15.606904,9.590054,6.3100696,8.372296,8.868372,8.884918,7.7228546,7.372296,7.2067738,6.8538666,7.1064234,6.561053,6.0481906,5.94424
01/03/2009,10.031319,13.556528,9.9781275,14.177585,8.493101,5.227661,7.661732,8.062565,7.9779744,6.7976832,6.3216567,6.2711835,5.379367,6.062615,5.3708196,4.9384,4.756689
01/04/2009,9.230673,12.230396,9.212923,12.736082,7.7441573,4.165876,6.92918,7.305956,7.0060015,5.9272766,5.327511,5.3374887,4.306054,5.293858,4.1982055,4.162407,3.741324
01/05/2009,8.56688,10.69845,8.578944,11.213768,6.8116307,3.098607,6.3900337,6.6115975,5.916798,5.1818967,4.207945,4.613626,3.3947468,4.6295047,3.0614972,3.492868,2.6741147
01/06/2009,7.7385545,9.204149,7.684684,9.697747,5.718398,2.123189,5.563386,5.920744,5.031061,4.435003,3.2431483,3.6692023,2.3950934,3.4194708,1.8885732,2.3223996,1.5842915
01/07/2009,6.7233205,7.795334,6.695342,8.156705,4.561794,1.4464498,4.7229624,5.0895214,4.1787505,3.4246445,2.194655,2.5262475,1.433897,1.8900633,0.8089304,1.0702252,0.46967268
01/08/2009,6.3179255,7.3051095,6.30548,7.6137424,4.2569637,1.0539293,4.3500643,4.693675,3.869152,2.9105544,1.6120911,2.0385623,1.0773897,1.4924884,0.28436184,0.77403784,0.3341794
01/09/2009,5.9818864,6.955898,5.990219,7.3423505,4.026282,1.0740161,4.0510654,4.403496,3.664124,2.6814222,1.5420794,2.054429,1.3041854,1.4416218,0.47262907,0.7508874,0.4555583
01/10/2009,5.463898,6.310475,5.4646134,6.6394567,3.537774,0.2161622,3.5391703,3.873682,3.1837702,1.9466281,0.6363034,1.3743877,0.5863786,0.86147785,-0.039243698,0.1644969,0.25849342
01/11/2009,5.1084757,6.008816,5.089247,6.6307783,3.4843802,0.11365414,3.1747391,3.5076737,3.0411363,1.5111089,0.43936968,0.8740902,0.57621,0.27514696,0.04965067,-0.4642427,0.52090883
01/12/2009,4.876852,5.939162,4.862404,6.4228654,3.3391714,0.3746271,2.9565077,3.317988,3.0156493,1.4824033,0.91848373,0.7821679,0.7197261,0.15040636,0.2542615,-0.51677823,0.86351633
01/01/2010,4.7841787,6.4765096,4.977572,6.9224715,3.9303184,0.9628773,3.1080105,3.3791065,3.4233809,1.92945,1.7385483,1.220119,1.4608622,0.7124305,1.1385679,0.6059408,1.9137979
01/02/2010,4.8351765,6.5096617,4.982829,7.173848,4.2425632,1.8223882,3.1202435,3.3983707,3.4242988,2.1478772,2.1957636,1.489234,2.174151,0.9981632,2.050078,0.9238839,2.9336452
01/03/2010,5.100775,6.97428,5.332923,8.042347,4.7255993,2.5902271,3.4671097,3.7004948,3.7572384,2.6279926,2.8600097,2.1146536,2.9431343,1.7885566,2.9036403,1.8604875,4.007089
01/04/2010,5.259502,7.076001,5.515933,8.291685,4.888928,2.6442766,3.690217,3.8488865,3.897214,2.8868914,2.95887,2.467966,3.0715585,2.281654,3.2220602,2.365744,4.2704463
01/05/2010,5.3296804,7.0450306,5.564952,8.129894,4.6813726,2.6621819,3.7150452,3.9331675,3.9913654,2.904296,2.6856065,2.4089098,2.7362347,2.246797,3.0251145,2.348423,3.9541364
01/06/2010,5.417156,7.0129395,5.701065,8.088756,4.775417,2.64014,3.8655624,4.046285,3.9208293,2.9487371,2.5202394,2.6134372,2.5850534,2.8255224,2.814281,3.0134797,3.7126303
01/07/2010,5.486274,6.930232,5.764997,8.020496,4.788637,2.6709437,3.9228091,4.1454315,3.8779616,3.1811595,2.5983334,2.8984666,2.5431275,3.2274127,2.850616,3.3133745,3.6270142
01/08/2010,5.4993033,6.9693923,5.766952,8.010138,4.713416,2.7915359,3.8976798,4.2390823,3.9066792,3.3244252,2.8266072,3.0980706,2.5969148,3.3291101,2.9663801,3.3930302,3.4050584
01/09/2010,5.439019,6.8369865,5.7420373,8.006167,4.8232317,3.1035542,3.8457773,4.193127,3.8677454,3.3626556,2.7675152,3.1541228,2.5742292,3.564036,3.093505,3.6434531,3.3292532
01/10/2010,5.5335402,6.922853,5.8153033,8.3112,5.1012635,3.454399,3.9263096,4.3047786,4.084778,3.5741687,3.1541944,3.3195019,2.913344,3.8998246,3.6540747,4.0155053,3.829074
01/11/2010,5.527246,6.9284916,5.8396816,8.127761,5.050719,3.5698295,3.9840975,4.3120027,4.06965,3.6063433,3.143847,3.43709,2.898395,4.0689707,3.6435366,4.1072726,3.7460208
01/12/2010,5.8223724,7.114136,6.0887218,8.3817005,5.2942395,3.9478064,4.214554,4.598844,4.1929007,3.9931417,3.4280062,3.9502382,3.2956839,4.5428753,4.1926622,4.459226,4.207909
01/01/2011,5.6855917,7.790506,5.9360027,8.795619,5.6600094,3.8755417,4.0392714,4.4416428,4.11129,4.083836,3.9329886,4.0012956,3.920877,4.826641,4.597461,4.6228766,4.5969844
01/02/2011,5.974996,8.609354,6.303668,9.438742,6.183338,3.9075017,4.3661594,4.799652,4.5868516,4.48426,4.404223,4.4029117,4.6581984,5.2739263,5.1422,4.811001,4.7920227
01/03/2011,6.014979,8.774877,6.3729763,9.74195,6.611705,3.7719965,4.3926063,4.899645,4.7093153,4.534197,4.506719,4.5390844,5.0700545,5.2317142,5.4237723,4.584098,4.970598
01/04/2011,6.263411,9.765649,6.7273617,10.434067,7.1128488,4.067552,4.70181,5.2231193,5.1264644,4.92357,5.1460505,5.0342083,5.8805346,5.4611564,5.94033,4.815507,5.6654215
01/05/2011,6.4000487,10.541773,6.896341,10.960806,7.522404,4.4030547,4.9003057,5.3501606,5.528331,5.2127957,5.8741927,5.3951144,6.7578077,5.6827545,6.4771295,4.940903,6.2113643
01/06/2011,6.5045238,10.917414,7.0297837,11.363268,7.90962,4.6153903,4.94197,5.450082,5.8281064,5.349207,6.249094,5.5670977,7.1457148,5.6292653,6.7341566,4.7679067,6.5492034
01/07/2011,6.672299,11.333668,7.302356,12.217259,8.264912,4.760039,5.2376895,5.6282043,6.2325716,5.5661917,6.663692,5.892217,7.7644706,5.8627725,7.6039553,5.055177,7.2798133
01/08/2011,6.941664,12.056267,7.5889826,12.731564,8.610403,4.7959685,5.563825,5.8506846,6.606984,5.8065057,7.17901,6.0555696,8.185423,5.948472,8.003653,5.0855637,7.910931
01/09/2011,7.0202947,12.155664,7.655561,12.633538,8.5379715,4.6227694,5.638525,5.95119,6.650841,5.8580875,7.2174907,6.090462,7.867503,5.764568,7.593882,4.945302,7.644379
01/10/2011,7.1537495,12.158716,7.8660965,12.454891,8.494604,4.601431,5.833679,6.077683,6.602061,6.0907006,7.3042274,6.450045,7.7993155,6.401062,7.126045,5.527115,7.1991324
01/11/2011,7.1992517,12.011576,8.010459,12.501633,8.533537,4.658985,5.9156303,6.167555,6.6530347,6.2189817,7.391131,6.773007,7.974112,6.8692446,7.1151495,6.06879,7.364404
01/12/2011,7.00438,11.733055,7.964182,12.440502,8.45201,4.4127464,5.86722,6.0326457,6.5985203,6.0707808,7.18925,6.669247,7.831335,7.0299864,6.9390535,6.3133836,7.1549416
01/01/2012,6.778991,10.197746,7.6217294,11.163128,7.608247,4.0213823,5.5245724,5.90384,6.1325073,5.8787823,6.363976,6.440127,6.6508293,6.5309644,6.0097694,5.7319403,6.2711
01/02/2012,6.5351725,9.560442,7.3952436,10.580897,7.1112156,3.7863612,5.3532867,5.6845903,5.831027,5.6709766,6.1494946,6.2980533,6.117654,6.3450694,5.496335,5.7506323,6.05489
01/03/2012,6.4968586,9.169662,7.3206306,9.773397,6.6302896,3.393352,5.315378,5.639875,5.655062,5.6537867,5.9191227,6.156707,5.5517316,6.2679768,5.0363064,5.6734085,5.6595206
01/04/2012,6.1977983,8.285642,6.9481134,9.177315,6.1571836,3.2026172,4.977798,5.352485,5.3691387,5.371046,5.388427,5.7611823,5.000162,5.952275,4.5484185,5.3712964,5.0679445
01/05/2012,6.1379433,7.772219,6.829834,8.715761,5.951059,3.1545281,4.8290195,5.327642,5.1763177,5.313039,5.150008,5.677116,4.4928193,5.8357477,4.0699363,5.318749,4.7754407
01/06/2012,6.1731935,7.527268,6.8081856,8.318853,5.580759,3.0905008,4.844633,5.3875327,5.006528,5.4234624,4.9922824,5.763328,4.2476296,5.757582,4.114568,5.292487,4.345417
01/07/2012,6.033516,7.210791,6.6133857,7.6916337,5.315745,2.943027,4.6290817,5.2692056,4.675722,5.2603245,4.6708584,5.5710554,3.9317012,5.49258,3.5634875,4.9259305,3.727889
01/08/2012,6.0573697,7.0632815,6.648791,7.81461,5.336213,2.9469013,4.647295,5.3461432,4.673457,5.307567,4.565358,5.6507707,4.067564,5.640948,3.7804246,5.131948,3.3833504
01/09/2012,6.088221,7.14705,6.6598654,8.269954,5.4902196,2.9293895,4.6638374,5.3918242,4.788387,5.3673744,4.6270013,5.6795,4.4259906,5.782485,4.5053005,5.2714825,3.8656235
01/10/2012,6.029868,7.1780562,6.5570474,8.299101,5.505383,3.0450344,4.5758896,5.341983,4.826653,5.3102493,4.6758413,5.5217266,4.449582,5.3022385,4.6902537,4.840815,3.8874269
01/11/2012,6.062722,7.330191,6.4957023,8.147562,5.391073,3.020668,4.558827,5.3787947,4.810345,5.383718,4.7179103,5.384755,4.3274403,5.015743,4.5707107,4.618919,3.432417
01/12/2012,6.220782,7.5096846,6.5500736,8.274614,5.3635,3.0776262,4.587928,5.5352926,4.8027635,5.4974556,4.8205614,5.5023313,4.328811,4.9708605,4.5838,4.6378016,3.6664367
01/01/2013,6.340492,7.6819897,6.6706657,8.572578,5.552578,3.1157374,4.632002,5.618942,5.0017595,5.5112004,4.8632383,5.5936456,4.4118404,5.1643133,4.8601747,5.1014066,3.791809
01/02/2013,6.4112544,7.675147,6.8975687,8.9683895,5.778289,3.0758262,4.77446,5.677688,5.0121307,5.618,4.8180103,5.954993,4.595399,5.5428147,5.2520633,5.590546,4.105592
01/03/2013,6.2423706,7.7223063,6.752169,9.038174,5.7442665,3.0566812,4.639992,5.4631352,4.9117684,5.442071,4.7581196,5.842066,4.64046,5.587697,5.276501,5.78115,4.187441
01/04/2013,6.318152,7.523775,6.7786694,8.730375,5.6257963,2.961862,4.6515884,5.495167,4.7672153,5.46788,4.6610236,5.796778,4.3697953,5.5020094,5.0492406,5.739677,3.968525
01/05/2013,6.2117934,7.231784,6.7201257,8.647335,5.5451155,2.8700948,4.6031914,5.35264,4.487169,5.315399,4.473448,5.809486,4.431665,5.613959,5.225408,5.8999777,4.0106416
01/06/2013,6.087756,7.4112415,6.6384435,9.10269,5.882108,2.85995,4.5679283,5.2476645,4.645169,5.2455783,4.6691895,5.642414,4.7745824,5.524993,5.44461,5.8126926,4.6020985
01/07/2013,5.9768677,7.2916865,6.4854383,9.044361,5.859804,2.7580023,4.414736,5.10478,4.476869,5.171597,4.5963645,5.422175,4.577458,5.3486824,5.324483,5.6447864,4.6135783
01/08/2013,5.574894,6.7237616,6.125009,8.484125,5.519891,2.605033,4.0215497,4.6590686,4.017079,4.8012257,4.1448236,5.1525474,3.8907528,5.1535845,4.693365,5.4866076,4.3129206
01/09/2013,5.368674,6.4882994,5.93518,7.9735994,5.338478,2.5414705,3.8145344,4.4094086,3.817749,4.570794,3.9994955,4.9763083,3.8660645,4.977703,4.275012,5.328691,4.078555
01/10/2013,5.280483,6.2906265,5.878341,7.8356743,5.203259,2.4129868,3.7667902,4.299557,3.6962748,4.459524,3.832078,4.986143,3.644693,5.030608,3.7773848,5.3598285,3.894782
01/11/2013,5.234766,6.295705,5.8743477,7.9737425,5.2670836,2.4478555,3.7523108,4.204011,3.6648035,4.3525577,3.8440228,4.996407,3.6144257,5.1061153,3.6567926,5.5454254,4.0367365
01/12/2013,5.0094485,6.1787605,5.664718,7.7192783,5.2565336,2.32656,3.5532846,3.9392233,3.559792,4.154372,3.756225,4.817915,3.6402225,4.9129725,3.7214756,5.3094745,3.9927244
01/01/2014,4.7580957,6.154728,5.396676,7.4520707,5.0926566,2.2404194,3.3563023,3.691733,3.2972932,3.959477,3.7058353,4.558885,3.6252737,4.6480536,3.5442352,4.9958706,3.8847923
01/02/2014,4.499519,5.7904005,4.997432,6.6525817,4.5591593,2.0909429,3.0367532,3.4519076,3.002274,3.67136,3.3932924,4.099345,3.19072,4.2150617,2.9228926,4.4204235,3.1206012
01/03/2014,4.5482755,5.697942,4.97396,6.392753,4.4121146,2.1637917,2.9977002,3.5006166,2.9982686,3.6709309,3.395629,4.0471673,3.021419,4.109919,2.750492,4.2162538,2.865839
01/04/2014,4.432714,5.540061,4.90129,6.302607,4.297054,2.0410776,2.8956149,3.3788562,2.8320074,3.5241485,3.1280518,4.0329933,3.1204343,4.2530537,2.796793,4.378021,2.9614568
01/05/2014,4.40017,5.499947,4.8394203,6.0994983,4.1336536,1.9450784,2.8332412,3.3416748,2.763784,3.5070658,3.0516386,3.9480567,2.9476166,4.2892694,2.6134014,4.486561,2.88527
01/06/2014,4.269767,5.233836,4.82862,5.713904,3.7920475,1.7862439,2.77906,3.1639218,2.438116,3.3689141,2.699852,4.101515,2.6468158,4.514003,2.458775,4.6661854,2.6089191
01/07/2014,4.2726755,5.400133,4.8527718,5.727041,3.765893,1.8484116,2.7894523,3.1283855,2.6667356,3.335631,2.8280377,4.1890383,2.7826905,4.60279,2.4699092,4.843974,2.7071118
01/08/2014,4.374492,5.4216385,4.9177647,5.885434,3.8130164,1.8564224,2.8721952,3.2019377,2.6479006,3.4049392,2.8474212,4.260659,2.9702306,4.7802806,2.6901364,5.0938725,2.8682113
01/09/2014,4.3803334,5.392015,4.9272895,5.838108,3.7542343,1.8015504,2.8586388,3.190744,2.5640726,3.3655286,2.756083,4.2930007,2.7764559,4.7890663,2.4769187,5.037689,2.687943
01/10/2014,4.31062,5.4418683,4.8230886,5.8743715,3.7543774,1.7296314,2.7356558,3.126347,2.5030136,3.262782,2.7700782,4.1386843,2.9094815,4.488468,2.8826475,4.6992064,2.845788
01/11/2014,4.2319536,5.024481,4.684186,5.615258,3.619206,1.6021729,2.5799565,3.030455,2.336526,3.2036185,2.3736715,4.013264,2.4907947,4.523635,2.645564,4.578316,2.6791453
01/12/2014,4.185009,5.1036716,4.6135545,5.5948853,3.5305262,1.726532,2.5104115,2.9609084,2.3241878,3.0769587,2.3132563,3.8269758,2.32687,4.2791724,2.385378,4.3264866,2.226019
01/01/2015,4.1184187,4.684937,4.555881,5.483997,3.4543037,1.6252041,2.4224417,2.8726935,2.2032857,2.9556036,2.0273328,3.767538,1.9973278,4.2461395,1.6444325,4.2073607,1.2077212
01/02/2015,4.1880846,4.746771,4.56841,5.694127,3.6322951,1.5788794,2.3956442,2.9225945,2.1669984,3.0125737,2.0593405,3.751564,2.0438194,4.2167068,1.925385,4.323864,1.6724825
01/03/2015,4.09714,4.710901,4.450023,5.6722164,3.5207748,1.5254617,2.2815356,2.8086185,2.0326257,2.9191136,1.8605232,3.6028624,1.892972,4.0264964,1.6846299,4.208255,1.5247703
01/04/2015,4.0657997,4.856539,4.392147,5.701077,3.555131,1.5512586,2.260398,2.7792811,2.1971583,2.886176,2.0543575,3.5128355,1.9456983,3.890562,1.678443,4.047966,1.4431715
01/05/2015,4.099846,5.106473,4.418254,6.204891,3.9426804,1.5546322,2.2987437,2.7596593,2.3602128,2.9129982,2.1863937,3.5137534,1.9396782,3.9067626,1.7642736,4.0395737,1.4920831
01/06/2015,4.1781664,5.0228,4.3553114,6.134844,3.9788127,1.6878009,2.244358,2.8699875,2.5044918,2.9515266,2.2849798,3.3672094,1.9363761,3.7790895,1.6717911,3.927791,1.3810277
01/07/2015,4.157841,4.878545,4.3414474,6.106627,3.9936662,1.5824676,2.2493176,2.8768659,2.2463322,2.917695,2.0721674,3.27816,1.6711235,3.6439538,1.6160965,3.886664,1.2453198
01/08/2015,4.1711807,4.879725,4.3819785,5.866134,3.9275646,1.5748024,2.3084276,2.865088,2.2816896,2.9062152,2.0522475,3.3582568,1.5337229,3.5567164,1.3079047,3.7404418,0.92140436
01/09/2015,4.1344523,4.7811627,4.4218183,5.6892395,3.823936,1.5102506,2.3884213,2.8398037,2.1839023,2.9168725,1.8916249,3.392613,1.3078809,3.6245346,1.1580706,3.88484,0.6013155
01/10/2015,4.176235,4.784441,4.511225,5.681479,4.0305734,1.5038729,2.5048714,2.8849006,2.264297,3.017795,1.8603563,3.520763,1.170373,4.0602326,1.0854244,4.5181036,0.6305933
01/11/2015,4.1380763,4.843545,4.524541,5.7843447,4.035938,1.5591621,2.511511,2.8562903,2.2967935,2.9917598,1.9345641,3.559029,1.3831854,4.025364,1.3673544,4.500103,0.89879036
01/12/2015,4.161036,4.5891523,4.5692563,5.719292,3.950274,1.4322042,2.5753975,2.8787255,2.1818876,3.0679107,1.8578649,3.6956787,1.4024854,4.2367935,1.3396621,4.777026,0.92725754
01/01/2016,4.218781,4.6910167,4.611981,5.78897,3.9381146,1.3744116,2.5971656,2.9471517,2.1041393,3.1254292,1.8410683,3.742838,1.6118526,4.258144,1.9489169,4.865265,1.6451716
01/02/2016,4.0963054,4.7756553,4.5808315,5.661261,3.7074804,1.4650822,2.5834131,2.7869225,2.1546245,3.0393243,1.8688321,3.6885262,1.4935851,4.2936683,1.5666962,4.7326922,0.98086596
01/03/2016,4.042518,4.846406,4.559958,6.0230613,3.9470553,1.4250994,2.5675554,2.7605295,2.2482276,2.964437,2.0401478,3.6414385,1.6818285,4.3143272,1.9074917,4.8456073,1.2749076
01/04/2016,4.07145,4.7403574,4.5397997,5.927837,4.0927052,1.384592,2.5314844,2.728057,2.0254135,2.9125333,1.9142747,3.584516,1.4416456,4.4478297,1.8449903,4.9590707,1.6324401
01/05/2016,4.0497065,4.7917843,4.547262,5.7434797,3.8805485,1.3813138,2.5153754,2.6905894,1.9672155,2.8860927,1.8796563,3.6215186,1.5739679,4.6127915,1.9656897,5.095792,1.7508268
01/06/2016,3.973508,4.961705,4.4900775,5.9008,3.8417935,1.3500333,2.4750001,2.565229,1.9851804,2.7745605,1.879561,3.543377,1.6982675,4.4866323,2.1481633,4.924834,1.9325972
01/07/2016,3.9477825,4.854989,4.5430303,5.964911,3.789103,1.3568878,2.5105553,2.522552,1.9236207,2.808392,1.8695235,3.7195563,1.8490672,4.804635,2.2036433,5.07921,1.8431067
01/08/2016,3.9184809,4.7723413,4.4553638,5.9095144,3.697133,1.3724685,2.396208,2.522552,1.8741846,2.7582526,1.831007,3.547883,1.847136,4.7242045,2.2879958,4.9877405,1.9380212
01/09/2016,3.8771987,4.916346,4.3385267,5.9913516,3.7451506,1.3808608,2.2475212,2.4710894,1.9189358,2.7043104,1.9464135,3.3780694,2.049768,4.5546055,2.4375916,4.7813296,2.386105
01/10/2016,3.899908,4.899597,4.4210434,6.13693,3.619516,1.4015079,2.271069,2.4621725,1.8392205,2.7129889,1.9646168,3.5111666,2.2404432,4.4603586,2.7133584,4.5511246,2.550888
01/11/2016,3.9123774,4.927945,4.4140577,5.9839845,3.6345482,1.3497591,2.283615,2.4668097,1.7247796,2.7004242,2.0707846,3.4638643,2.3109198,4.396534,2.7209878,4.5250416,2.5328994
01/12/2016,3.9237976,4.990673,4.425764,6.0998917,3.7656903,1.3795972,2.291993,2.4950862,1.7346501,2.6767015,2.035749,3.4073472,2.223599,4.422164,2.7469516,4.5654774,2.708745
01/01/2017,4.054272,5.1053405,4.5506716,6.2967896,3.987074,1.5064597,2.4575205,2.5964856,1.8832088,2.8185368,2.2188902,3.5362244,2.2904396,4.727006,3.0610561,4.912317,3.1397223
01/02/2017,4.069984,4.9052835,4.5021653,6.245482,4.0625095,1.4484167,2.405384,2.6332498,1.778698,2.8250098,2.1325588,3.4903169,2.3438454,4.619956,3.1470895,4.9208164,3.2927275
01/03/2017,3.996539,4.617381,4.480076,5.708647,3.7820697,1.4081359,2.363493,2.5397778,1.5607476,2.7727127,1.8386602,3.4586787,2.1595955,4.594934,2.7984738,4.733777,2.8200269
01/04/2017,3.8951397,4.526305,4.4400096,5.7172775,3.6499023,1.4046073,2.3059964,2.466607,1.4925718,2.746749,1.7914176,3.5065532,2.2214413,4.440427,2.9624581,4.634154,2.5283813
01/05/2017,3.8020253,4.144573,4.331565,5.4581165,3.5125494,1.4145613,2.1696901,2.443397,1.311326,2.6322007,1.6245604,3.3720255,2.0251036,4.182887,2.5683403,4.323542,2.1082878
01/06/2017,3.7268043,3.8821578,4.2619467,5.1702976,3.4061909,1.3844252,2.0585785,2.3540974,1.0141134,2.5306702,1.4318705,3.3019185,1.9154787,4.158175,2.3176312,4.3058395,1.8741965
01/07/2017,3.7134051,3.7107468,4.254794,4.9790025,3.3082843,1.361537,2.048295,2.2868872,0.9322524,2.3760915,1.2155056,3.253436,1.7031789,4.1332364,2.0890236,4.36548,1.8172264
01/08/2017,3.5905242,3.552854,4.1978836,4.878521,3.3666372,1.2766361,1.9941324,2.1741152,0.8643508,2.2687078,1.0761976,3.1242967,1.6259909,3.9312243,2.0836592,4.2192698,1.9231677
01/09/2017,3.6181092,3.5006523,4.2104244,4.930711,3.4193516,1.2802362,2.0240622,2.1644115,0.90932846,2.1833181,1.0621309,3.0821323,1.6029716,3.945887,2.151394,4.1493177,2.0850897
01/10/2017,3.603375,3.613937,4.1486382,4.7706723,3.325522,1.2443185,1.9978472,2.146721,0.8963585,2.1062613,1.1072397,2.8643131,1.4576674,3.879261,1.6972661,4.1472793,1.8049121
01/11/2017,3.6786675,3.7500858,4.2279005,5.175996,3.4980655,1.200211,2.0196252,2.2046566,1.0931373,2.0385861,0.99470615,2.9673815,1.4837384,4.0150046,1.9450426,4.2523503,2.0685673
01/12/2017,3.6221743,3.965354,4.2190313,5.328393,3.5579324,1.226902,1.9652808,2.103901,1.1851907,1.9565344,1.0915399,2.979362,1.7531395,4.0081263,2.141428,4.222226,2.348113
01/01/2018,3.5236716,3.848493,4.0837884,5.04508,3.3266068,1.1551499,1.8318982,1.9957423,1.0971189,1.785028,0.9813905,2.7791977,1.6958475,3.5950541,1.8168092,3.6364675,2.0917654
01/02/2018,3.5382986,3.9626598,4.0990233,5.076933,3.2262564,1.1086345,1.8448925,2.020812,1.1984468,1.7096639,0.9627223,2.6619315,1.6276479,3.4380317,1.7405629,3.4378529,2.1579504
01/03/2018,3.5598755,4.0011406,4.1023135,5.1754236,3.3272624,1.1798859,1.8766804,2.0319223,1.1913657,1.6704202,1.0115862,2.634418,1.7012477,3.309381,1.8624663,3.4121752,2.4238229
01/04/2018,3.6264777,4.0190935,4.170358,5.259061,3.3410072,1.1510968,1.9681118,2.1129131,1.1617303,1.6374111,0.948596,2.6109219,1.5940547,3.2734036,1.5860081,3.4004807,2.315545
01/05/2018,3.6528707,4.156661,4.2289376,5.529666,3.4956932,1.0134339,2.0784802,2.1323323,1.1910677,1.6134143,0.95306635,2.6042461,1.6550422,3.2902002,1.9527555,3.4426332,2.6575327
01/06/2018,3.8583994,4.3752074,4.417777,5.7359457,3.7252307,1.1324286,2.3221412,2.2985697,1.317358,1.7490983,1.1121869,2.7095437,1.7550826,3.2051206,1.9518137,3.4289837,2.8682947
01/07/2018,3.94665,4.567051,4.4525027,5.842018,3.8948894,1.1475801,2.3555884,2.4122596,1.38942,1.8847823,1.2290597,2.6202679,1.8078327,3.0871034,2.1311998,3.2319546,2.9363394
01/08/2018,4.039824,4.7366858,4.4949293,6.108248,3.981924,1.1974454,2.3953686,2.524376,1.4801025,1.8612027,1.2626171,2.6251793,1.9735456,3.1616092,2.0934582,3.3820033,3.072095
01/09/2018,4.1007757,4.7802567,4.5201063,6.0964465,3.9892554,1.2225628,2.4204054,2.5652647,1.5230417,1.8945694,1.2889028,2.5828004,2.0757914,3.0373454,2.0772576,3.4472346,2.7950406
01/10/2018,4.007709,4.6313524,4.407811,6.1757326,4.0943623,1.2051463,2.3103666,2.4694324,1.3928294,1.7760515,1.1596799,2.4530292,2.0518064,2.8606296,2.509725,3.2424927,3.148973
01/11/2018,3.9521694,4.610026,4.293108,5.7028055,3.8550854,1.2026906,2.2113407,2.4307609,1.2474895,1.7173648,1.101768,2.1498084,1.9186378,2.4932027,2.1564722,2.8334618,2.318573
01/12/2018,3.9830565,4.4160485,4.2214036,5.428958,3.6689997,1.042068,2.1626186,2.4700284,1.1207819,1.6079187,0.95016956,1.8621445,1.5160561,2.108562,1.7976999,2.526617,1.6102552
01/01/2019,3.8355708,4.2224526,4.1059613,5.2465796,3.4483433,0.93306303,2.003604,2.3000479,0.87988377,1.2037039,0.42237043,1.5082598,1.0691881,1.7934322,1.3862252,2.4425268,1.3945818
01/02/2019,3.766048,4.0601254,4.059124,5.392289,3.5676837,0.81140995,1.9421799,2.2406697,0.7941723,1.0095835,0.2600193,1.3871074,0.9529352,1.6601086,1.2817264,2.3108602,1.3306975
01/03/2019,3.8767576,4.0219784,4.166913,5.397725,3.6477685,0.6858468,2.0282502,2.2996902,0.7842183,1.0715961,0.15323162,1.4061451,0.77074766,1.7034769,1.2287498,2.2677183,1.4343381
01/04/2019,3.887689,4.2449594,4.141617,5.5210114,3.832841,0.71076155,1.973232,2.2752047,1.0299563,1.0456562,0.35779476,1.2901545,0.8894801,1.7115712,1.5495181,2.2990584,1.832509
01/05/2019,3.892982,4.2369127,4.127383,5.2716613,3.7010431,0.78936815,1.9576313,2.2629976,1.1386633,0.9629965,0.2794981,1.0946512,0.85566044,1.5012383,1.4650702,2.0871162,1.7122626
01/06/2019,3.8131237,4.163873,3.9751887,5.252397,3.8457155,0.9649396,1.7654581,2.2309422,1.1564851,0.70205927,-0.0024795532,0.80314875,0.50097704,1.4921904,1.6670585,2.0763636,1.9974709
01/07/2019,3.7293196,4.2339683,3.8410425,5.2363396,3.759122,0.9411931,1.630058,2.1801472,1.2109518,0.4716158,0.011193752,0.5700469,0.65398216,1.2781858,1.7028689,2.0590067,1.9047856
01/08/2019,3.6600232,4.0987372,3.795755,4.947245,3.5293698,0.9577513,1.5845795,2.0937204,1.0889173,0.4277706,-0.059717894,0.46145916,0.4513383,1.0892868,1.2897491,1.7165899,1.4078856
01/09/2019,3.5692573,4.004562,3.7551403,4.8822403,3.356588,0.88624954,1.533565,2.0384073,0.9675741,0.19391775,-0.228405,0.38468838,0.19186735,0.8847594,1.1021376,1.3752222,1.2996197
01/10/2019,3.583312,3.9274335,3.8214445,4.7994375,3.3075333,0.7744074,1.5545917,2.0755172,1.0102034,0.19575357,-0.32771826,0.52262545,0.07419586,1.1963487,0.70647,1.6670346,0.97323656
01/11/2019,3.6042094,3.9840221,3.8289785,5.126989,3.5291672,0.8199334,1.5916674,2.0755172,1.0716796,0.15895367,-0.22965074,0.56984425,0.32801628,1.3534784,0.92966557,1.870501,1.6418219
01/12/2019,3.5767674,3.875184,3.847003,5.1492095,3.5730124,0.84278584,1.5968387,2.0617247,1.0823607,0.16149282,-0.31219125,0.69162846,0.29166937,1.6210437,1.1019349,2.058506,2.1051407
01/01/2020,3.6566615,4.1137457,3.9059281,5.314696,3.7857533,1.0798931,1.6994021,2.203393,1.3209224,0.41788816,0.0975728,0.80901384,0.6287694,1.6687512,1.4852405,2.0524979,2.357483
01/02/2020,3.625536,4.0816903,3.8266063,4.9905777,3.6041737,1.2064338,1.5934839,2.1658778,1.3222098,0.49784184,0.10429621,0.76760054,0.4844308,1.6002059,1.26127,1.9654632,2.087605
01/03/2020,3.454554,4.1879177,3.6854148,5.075276,3.509736,1.2425303,1.4277236,2.0607352,1.3881922,0.39992332,0.17169714,0.7416725,0.5182147,1.6183257,1.1456013,2.0420313,1.8370867
01/04/2020,3.329432,4.15138,3.6734223,5.3622603,3.5885453,1.1818051,1.4253485,1.9594908,1.2597919,0.34980774,0.11179447,0.87742805,0.8202672,1.7270684,1.3564706,2.0971656,1.1320829
01/05/2020,3.2871723,4.2048573,3.6453843,5.362034,3.6325216,1.2259483,1.3489944,1.8969417,1.2089252,0.41145086,0.21740198,1.0600448,0.74204206,1.844728,1.0671139,2.2298694,0.7387996
01/06/2020,3.1671882,4.1163325,3.6245465,5.4487824,3.7649632,0.8931041,1.2940995,1.7884731,1.2058735,0.5543828,0.48799515,1.2679219,0.87673664,2.0556927,1.1316895,2.4482608,0.9683728
01/07/2020,3.1105042,4.135692,3.615272,5.731261,3.8645387,0.9369135,1.2877271,1.7260313,1.2635827,0.58721304,0.6035447,1.3528705,0.7997036,2.1481872,1.2022138,2.3295522,1.1886954
01/08/2020,3.1782746,4.344845,3.6964774,5.947888,4.082775,1.0844469,1.3634733,1.7884731,1.4156699,0.6704092,0.55758953,1.5242577,0.77741146,2.4397135,1.6153336,2.597487,1.5713573
01/09/2020,3.2754302,4.3208957,3.805232,6.2081814,4.066539,1.6544819,1.5057104,1.8651605,1.4267802,0.91050863,0.5149245,1.7278314,0.87964535,2.7584672,1.7575026,3.031242,2.0173311
01/10/2020,3.2833815,4.3070197,3.7434816,6.8692446,4.251671,2.6053429,1.4900908,1.8773794,1.4148593,0.92738867,0.39048195,1.5861154,0.94833374,2.3032427,2.9043555,2.7927637,3.2785177
01/11/2020,3.2799482,4.459512,3.811407,6.764078,4.136014,2.6558995,1.5789123,1.876533,1.6913533,1.0170221,0.6316304,1.670146,0.9014845,2.311802,2.9031873,2.7788997,3.0544758
01/12/2020,3.3664227,4.5229554,3.9046526,7.1097374,4.2701364,2.6679754,1.6751976,1.9014239,1.6720176,1.1323214,0.5198598,1.7421961,0.9847045,2.551806,3.264141,2.8621197,3.1547785
01/01/2021,3.4528375,4.8576713,4.0536523,7.5148225,4.736364,2.6402473,1.8404756,1.9143701,1.9459009,1.2322307,0.81523657,1.8785119,1.1337876,2.9032826,3.677106,3.1956673,3.4855127
01/02/2021,3.6489487,5.262363,4.2629123,8.118689,5.0821185,2.666819,2.0686235,2.0816684,2.0595312,1.4598846,1.1508107,2.1462083,1.6098738,3.2924056,4.2313337,3.6025167,4.043877
01/03/2021,3.8030982,5.558574,4.372394,8.531893,5.268991,2.8210402,2.2258124,2.1939278,2.5294185,1.4902234,1.5406847,2.0466566,2.043879,3.1933784,4.7666907,3.5673738,4.7212005
01/04/2021,3.9197087,5.4814696,4.3859363,8.125126,4.9903035,2.9242396,2.2457583,2.2633195,2.6136994,1.6667247,1.6148925,2.0242453,1.7670274,3.080368,4.3159604,3.385675,5.0272346
01/05/2021,3.9641619,5.4516315,4.3913364,8.161175,4.96825,2.8965354,2.2841427,2.3388386,2.6419759,1.8034339,1.6813993,2.00696,1.9798398,3.0504584,4.611099,3.3189654,5.544758
01/06/2021,3.964436,5.4649234,4.323685,7.852173,4.4888735,2.9945135,2.2424335,2.3368359,2.559948,1.8683672,1.6726851,1.896739,2.024138,2.716124,4.355955,2.912712,4.8291564
01/07/2021,4.058671,5.438888,4.3477535,7.563579,4.387307,3.0869365,2.2707498,2.4121523,2.440989,2.041316,1.7023206,1.9669056,2.1446824,2.618146,4.3408394,2.8099537,4.82527
01/08/2021,4.2382717,5.6161284,4.4712186,7.600236,4.382324,2.9913425,2.418394,2.5546312,2.5524497,2.2127032,2.043414,1.9887686,2.4035692,2.6205182,4.511857,2.867806,4.8707247
01/09/2021,4.3329477,5.7356358,4.5087337,7.4565887,4.584229,2.5268078,2.44247,2.6566863,2.632773,2.4461508,2.36516,2.0290852,2.6156545,2.6131988,4.6192884,2.7935147,4.749191
01/10/2021,4.617703,6.141329,4.782605,7.1340084,4.579699,1.85045,2.7571392,2.8632164,2.914095,2.720487,2.917087,2.359724,3.1253815,2.870226,4.0676117,2.7772307,3.950858
01/11/2021,4.9771547,6.467414,5.0916195,7.574892,4.914534,2.0272136,3.0253906,3.2613993,3.1697392,3.1633735,3.2174587,2.6149511,3.5125256,3.0171275,4.4204354,2.9561162,4.483402
01/12/2021,5.308223,6.8790317,5.3848743,7.5271606,4.964292,2.3179054,3.3272767,3.7003756,3.6963105,3.5702229,3.7724853,2.9532433,4.0136695,2.9511929,4.2028785,3.0316353,4.3545127
01/01/2022,5.5459023,6.8947434,5.5650473,7.5838566,4.844022,2.0880103,3.502273,4.023385,3.663993,3.878808,3.8845778,3.2229424,4.0655017,3.09999,4.070282,3.219831,3.9559484
