Fecha,Percentil equiponderado 72.0,Percentil ponderado 70.0,"Media Truncada Equiponderada (57.5, 84.0)","Media Truncada Ponderada (15.0, 97.0)","Inflación de exclusión dinámica (0.32, 1.73)","Exclusión fija de gastos básicos IPC (14, 17)",MAI óptima MSE,"MAI (F,4)","MAI (G,4)","MAI (F,5)","MAI (G,5)","MAI (F,10)","MAI (G,10)","MAI (F,20)","MAI (G,20)","MAI (F,40)","MAI (G,40)"
01/12/2001,10.629892,11.188149,10.577345,9.7057705,10.414004,9.104788,10.018155,11.2424965,11.219681,10.92248,10.781312,10.248327,9.5197315,9.007776,8.282018,8.534824,7.9600573
01/01/2002,11.200201,11.570633,11.069239,9.818352,11.501741,9.331429,10.382063,11.715865,11.522388,11.309444,11.048222,10.485125,9.611583,9.146214,8.182156,8.781433,7.77148
01/02/2002,11.350548,11.737204,11.16612,10.103154,11.7164135,9.700298,10.440926,11.85143,11.781084,11.388993,11.325932,10.760891,10.045409,9.165072,8.459532,8.815336,7.985282
01/03/2002,11.340404,11.550606,11.149847,10.0612755,11.713493,9.629202,10.377324,11.915958,11.757505,11.556745,11.418629,11.031675,10.129046,9.369111,8.7062,9.009218,8.239687
01/04/2002,11.441636,11.762214,11.236895,10.134542,11.829126,9.518539,10.410076,12.047756,11.9733925,11.75462,11.792755,11.083233,10.316443,9.347391,8.861208,9.000826,8.429014
01/05/2002,11.350859,11.433041,11.199427,9.916949,11.484587,9.302151,10.400005,11.9737625,11.645985,11.825442,11.428881,11.234056,10.436392,9.767782,8.7997675,9.4551325,8.395588
01/06/2002,11.071217,11.046433,10.969305,9.645081,11.202013,9.064221,10.164807,11.629772,11.377621,11.637985,11.281109,10.894394,10.079527,9.407818,8.53138,9.108901,8.045435
01/07/2002,10.862803,10.709977,10.770237,9.2623,10.814392,8.706915,10.003448,11.413622,10.997534,11.426867,11.005449,10.636318,9.627665,9.320068,8.315611,9.1607685,7.702267
01/08/2002,9.825527,9.558916,9.754777,8.356083,9.960341,7.888961,9.094104,10.364044,9.834647,10.36545,9.894192,9.675169,8.550286,8.460056,7.3604107,8.335471,6.888294
01/09/2002,9.355283,9.20682,9.334982,8.020067,9.684145,7.5819135,8.697732,9.826946,9.392762,9.863842,9.391665,9.344971,8.079374,8.114171,7.171452,7.965839,6.6959143
01/10/2002,8.890593,8.761824,8.849823,7.632637,9.096729,7.021785,8.307697,9.281075,8.878767,9.259272,8.82305,8.71017,7.572663,7.5912356,6.863463,7.2645426,6.1592817
01/11/2002,8.518135,8.520889,8.456528,7.640159,8.871794,7.0049405,7.9277163,8.872938,8.820033,8.846676,8.692408,8.334279,7.430601,7.3292136,6.8695903,7.0679307,6.3385606
01/12/2002,8.236254,8.213258,8.171821,7.4412346,8.641696,6.6375017,7.635293,8.469402,8.47187,8.44549,8.410131,7.9397798,7.047105,7.0464373,6.5211177,6.7923427,6.0224056
01/01/2003,7.3497415,7.398224,7.37319,6.945777,7.266724,6.0791373,7.105053,7.754898,7.8686595,7.8008413,7.9583645,7.18354,6.5921426,6.561148,6.463802,6.257856,6.2057495
01/02/2003,6.971085,6.822264,7.002473,6.5654516,6.7958117,5.6133747,6.7935,7.3777676,7.413304,7.385409,7.453668,6.753671,6.180966,6.334007,6.266606,5.9646487,5.878949
01/03/2003,6.732142,6.809938,6.7461133,6.502962,6.5648675,5.5645227,6.5237226,7.088518,7.2022676,7.086849,7.18168,6.4847827,6.2699556,6.0763717,6.156945,5.6399345,5.7178855
01/04/2003,6.6622853,6.875503,6.6274166,6.563902,6.490493,5.7541847,6.4307303,6.95374,7.2621465,6.9378138,7.1855664,6.4276457,6.246078,6.075585,6.1168075,5.736184,5.7476163
01/05/2003,6.6985965,7.1231484,6.6425323,6.67603,6.6455483,6.087601,6.4221845,6.9978,7.6193094,6.9557548,7.457876,6.3817024,6.3720226,5.721462,6.0706496,5.4825544,5.612397
01/06/2003,6.7133784,7.021284,6.6265225,6.627369,6.6259384,5.9373736,6.368532,7.0219994,7.4801207,6.880164,7.3931932,6.3401937,6.4527273,5.5184007,5.942476,5.151534,5.4825783
01/07/2003,6.644666,6.8891525,6.533706,6.543064,6.5261483,5.987084,6.230917,6.910324,7.2507977,6.6741824,7.0346713,6.2664747,6.2059164,5.635524,5.894637,5.1411986,5.4140925
01/08/2003,6.534922,6.635022,6.4214945,6.428647,6.377864,5.893004,6.115302,6.8084598,7.058203,6.5609217,6.8608403,6.2102675,6.1309576,5.664575,5.8097363,5.1677585,5.210483
01/09/2003,6.4902782,6.4426184,6.379032,6.430316,6.2531233,5.9671044,6.059766,6.777203,6.790781,6.5528274,6.805861,6.257081,6.3988566,5.9319496,6.0994506,5.398822,5.6978583
01/10/2003,6.346929,6.2887907,6.2515855,6.450498,6.3061237,6.0976744,5.90753,6.637907,6.6492558,6.39385,6.73908,6.247866,6.534362,5.8412075,6.2498093,5.370748,5.7669163
01/11/2003,6.189573,6.0715914,6.099844,6.3540816,6.293857,6.077862,5.7234855,6.4657927,6.3771486,6.2648296,6.7606926,6.1742783,6.7186594,5.7515025,6.04614,5.2680016,5.4571033
01/12/2003,6.114459,6.0743093,6.0270905,6.4519763,6.3043475,6.1870217,5.6386633,6.421256,6.543803,6.3037395,6.8805456,6.228757,7.0061207,5.8845162,6.2646747,5.40179,5.734813
01/01/2004,6.155205,6.5933824,6.049037,6.885493,6.60094,6.7226887,5.6443305,6.4532876,7.1780443,6.303656,7.29723,6.4130545,7.4775577,6.0603976,6.581104,5.5493236,6.062627
01/02/2004,6.0099244,6.788957,5.924189,7.023549,6.3974857,6.732285,5.5513396,6.3579917,7.2553873,6.234646,7.3829293,6.3840985,7.814586,5.968356,6.865895,5.492747,6.4198136
01/03/2004,6.0023785,6.825936,5.9350014,7.131994,6.526518,6.9591165,5.581639,6.3616395,7.329762,6.1983824,7.4615836,6.3425183,8.003354,6.019962,7.222986,5.5470705,6.791389
01/04/2004,5.855906,6.510854,5.8335185,6.980467,6.3714743,6.815696,5.449836,6.2370777,7.0560813,6.088841,7.239008,6.249702,7.9096794,5.866635,7.1472645,5.393529,6.880176
01/05/2004,5.973196,6.711793,5.9670925,7.205093,6.4646244,6.953037,5.6072946,6.399715,7.1894884,6.184602,7.4887037,6.3477516,8.189571,5.937469,7.4861407,5.5808663,7.369101
01/06/2004,6.042993,7.1932077,6.0316086,7.374656,6.6859245,7.1054816,5.6653633,6.4283013,7.65512,6.1551332,7.7228785,6.280768,8.162487,5.9651613,7.6206923,5.68943,7.61348
01/07/2004,6.0379624,7.249534,6.0257792,7.4520946,6.83707,7.2337747,5.6424556,6.4051986,7.6904655,6.1091304,7.7723265,6.1261177,8.447372,5.614841,7.6990485,5.305493,7.676995
01/08/2004,6.2902927,7.545817,6.2809825,7.7037454,7.061887,7.5946093,5.914721,6.6750884,8.010054,6.401956,8.049166,6.3764334,8.707439,5.663514,8.029043,5.446422,8.1234455
01/09/2004,6.4837575,7.877648,6.506598,8.055008,7.4523926,7.970023,6.1781673,6.964636,8.537256,6.704986,8.559406,6.814289,9.123146,6.1529875,8.496534,5.8970213,8.370007
01/10/2004,6.754601,8.07879,6.787944,8.410358,7.991445,8.199072,6.509457,7.303798,8.79792,7.1523666,8.836794,7.4566007,9.639132,6.816244,8.976948,6.5504193,8.91403
01/11/2004,7.1958423,8.598542,7.218015,8.801306,8.412325,8.350015,6.953052,7.8125954,9.224653,7.6401353,9.189331,7.8126907,10.03331,7.319808,9.48379,7.1089625,9.593857
01/12/2004,7.3202252,8.743656,7.374704,8.830357,8.499491,8.397711,7.134303,8.0035095,9.191715,7.824588,9.232939,8.009756,10.005212,7.4430704,9.538221,7.216251,9.521257
01/01/2005,7.6331615,8.681547,7.6796293,8.613515,8.730769,8.103704,7.3174777,8.239067,9.008622,8.153999,9.030628,8.2299595,9.886038,7.6174855,9.293532,7.458365,9.047604
01/02/2005,7.802081,8.364164,7.820606,8.425034,8.747888,8.178627,7.437176,8.410907,8.843887,8.323729,8.941566,8.279252,9.43445,7.7475667,8.675337,7.7864885,8.64706
01/03/2005,7.8365088,8.301985,7.8540325,8.349514,8.591819,7.899606,7.470403,8.454239,8.880175,8.376133,8.982193,8.253694,9.235394,7.688737,8.427084,7.6891303,8.26242
01/04/2005,7.8605533,8.439625,7.8501225,8.438337,8.691144,7.970381,7.458225,8.455849,9.011734,8.313406,9.050953,8.155001,9.504568,7.5846076,8.586216,7.6092005,8.345151
01/05/2005,7.926488,8.468998,7.8669906,8.383203,8.760273,7.9321504,7.485951,8.475351,8.934879,8.397329,8.854664,8.188128,9.445202,7.940483,8.52722,7.7347636,8.251583
01/06/2005,7.8745604,8.20291,7.8009605,8.437443,8.870554,8.219385,7.398386,8.471262,8.672571,8.3498955,8.610355,8.112311,9.59692,7.8641295,8.6600065,7.6734543,8.36513
01/07/2005,7.9578996,8.355474,7.8864217,8.500743,8.816778,8.292174,7.527225,8.56086,8.953512,8.517063,9.0065365,8.364701,9.773481,8.277643,9.180105,8.130943,8.847607
01/08/2005,7.7137113,8.113157,7.626903,8.334339,8.689094,7.992506,7.2362075,8.233261,8.783507,8.197319,8.825005,8.1071615,9.557223,8.25901,9.013807,8.063328,8.66704
01/09/2005,7.6468587,8.163333,7.5630546,8.322561,8.5742235,7.953763,7.182395,8.142161,8.904993,8.14147,8.771288,7.865119,9.507549,7.875538,8.908534,7.7184677,8.876014
01/10/2005,7.805097,8.672118,7.701051,8.960557,8.915556,8.498287,7.3259673,8.327293,9.372437,8.235073,9.444094,8.207321,10.203171,8.299255,9.908926,8.249128,9.8272085
01/11/2005,7.690501,8.512831,7.5917006,8.785427,8.912886,8.056105,7.2663965,8.1891775,9.269118,8.024776,8.981884,8.149576,9.462261,7.92253,9.342408,7.619202,8.8820095
01/12/2005,7.727182,8.508099,7.608998,8.682489,8.8406925,7.8445554,7.2885942,8.178854,9.316719,7.9790115,8.830023,8.031154,8.950699,7.6429963,8.652353,7.398641,8.094835
01/01/2006,7.396245,7.9277396,7.3520303,8.375525,8.22407,7.6877236,7.194212,7.8610897,8.8325615,7.6579213,8.693993,7.6705694,8.575714,7.056904,8.129395,6.77557,7.7770233
01/02/2006,7.1412206,7.7750325,7.075858,8.088684,7.955003,6.9883704,6.921179,7.5384736,8.5292225,7.344258,8.224702,7.3896885,7.9535604,6.5079093,7.852292,5.973482,7.3928833
01/03/2006,7.134235,7.763362,7.073617,8.0071335,8.07954,6.9890738,6.9378834,7.48837,8.4064245,7.285452,8.142114,7.472062,7.7562094,6.539154,7.7657104,6.0736895,7.395482
01/04/2006,7.1962,7.707262,7.158184,8.042264,8.096504,7.0589304,7.0771475,7.5775623,8.427167,7.3698163,8.065581,7.6684237,7.5639486,6.8505526,7.786846,6.4483285,7.4193716
01/05/2006,6.9624305,7.4096084,6.951654,7.911372,7.8101277,6.8695426,6.8241305,7.3200703,8.170403,7.0761085,7.733786,7.4869275,7.2681427,6.539738,8.122671,6.343913,7.5321317
01/06/2006,6.8104744,7.121253,6.8378925,7.6200843,7.434559,6.710124,6.7476788,7.0869207,7.8332067,6.9502234,7.4748755,7.5044036,7.00202,6.7913055,7.9493403,6.7236543,7.5202584
01/07/2006,6.7898393,7.0002556,6.809032,7.495892,7.43531,6.4801693,6.7126174,7.087493,7.6286554,6.8891525,7.0778847,7.4517965,6.7293763,6.5633416,7.3832035,6.567347,7.056463
01/08/2006,6.828892,7.001078,6.84942,7.489395,7.339132,6.4179063,6.754481,7.1475506,7.5199246,6.7767143,6.99203,7.274866,6.634867,6.485498,7.7014446,6.493044,7.20855
01/09/2006,6.7028403,6.608999,6.6821456,7.0418715,7.0681334,5.7203054,6.5539246,6.919229,6.830418,6.4419627,6.473267,6.8011403,5.8985114,5.8698773,6.8689704,5.8654547,5.905819
01/10/2006,6.302047,5.8773637,6.308317,5.9445024,6.0435295,4.7962546,6.1283646,6.4485073,6.1526895,5.948198,5.5573106,5.693805,4.435861,4.713464,5.071044,4.485917,4.1299105
01/11/2006,6.0269237,5.5475593,6.027043,5.5500984,5.627382,5.0136447,5.805362,6.1187625,5.803275,5.647409,5.37349,5.345845,4.338062,4.5389175,4.995942,4.5569897,4.21288
01/12/2006,6.0432553,5.3622723,6.018758,5.632293,5.8415174,5.2051425,5.7593365,6.104195,5.641091,5.6328893,5.3236723,5.4807067,4.826331,4.8851967,5.712235,5.002916,5.160439
01/01/2007,5.8146954,5.621922,5.8005095,5.61167,5.9473157,5.244446,5.5543995,6.0106277,5.7797074,5.3578734,5.1805615,5.1766396,4.996872,4.8017025,6.0810924,4.972768,5.466509
01/02/2007,5.8526874,5.8812737,5.8757424,5.8326364,6.120014,5.8823586,5.6189275,6.094229,6.1410427,5.387616,5.660939,5.259979,5.6887627,5.078888,6.391704,5.320716,5.739808
01/03/2007,5.952704,6.1791778,5.964732,6.0840487,6.13333,6.3316584,5.729983,6.1722994,6.5348864,5.4549932,6.0963035,5.2589893,6.0988545,5.2773,6.856251,5.478537,6.1257243
01/04/2007,5.915749,6.348312,5.9146166,6.020522,6.02684,6.17913,5.661785,6.1215878,6.6309214,5.373478,6.151557,5.0250173,5.939722,4.9263477,6.7254186,4.915738,5.8706164
01/05/2007,6.0061097,6.200278,5.9611797,5.7511806,5.8693647,5.73045,5.731568,6.1567664,6.461239,5.3092957,6.027806,4.8567533,5.475235,4.6010494,5.720806,4.566133,5.364752
01/06/2007,6.1486363,6.2330484,6.0712814,5.837202,5.947399,5.588925,5.833424,6.315577,6.544733,5.3694725,5.9883714,4.966688,5.556333,4.489982,5.864775,4.2587876,5.3397655
01/07/2007,6.1790347,6.3645005,6.122792,5.9552073,6.062126,6.2473774,5.8969646,6.38721,6.7899585,5.422735,6.3881874,4.8909187,5.6890965,4.429078,6.158519,4.17248,5.5765986
01/08/2007,6.4269304,6.6353917,6.3403606,6.238568,6.337142,6.8303943,6.164616,6.6725016,7.1711063,5.79679,6.773889,5.3416014,6.1564445,4.7281623,6.149626,4.3758035,5.6586623
01/09/2007,6.628251,6.90701,6.5140724,6.5051317,6.566131,7.4783325,6.3835416,6.954682,7.578659,6.05371,7.147169,5.6852818,6.5648675,5.1228523,6.6043377,4.766965,6.222117
01/10/2007,6.726527,7.0053816,6.621921,6.7064404,6.8318605,7.714224,6.525755,7.073581,7.604587,6.22108,7.285309,6.075394,6.8357587,5.5346966,7.060623,5.2708745,6.6758037
01/11/2007,7.0616364,7.629764,6.9881916,7.6696157,7.527554,8.682537,6.976789,7.4689865,8.451796,6.703794,8.336008,6.7349195,8.424616,6.254554,8.302439,5.9259415,8.162189
01/12/2007,7.260072,8.575273,7.206726,8.186746,7.786274,8.992159,7.2406917,7.697463,9.203136,6.954086,9.184146,6.845367,9.065914,6.3045382,8.791327,5.7551384,8.819092
01/01/2008,7.8226566,8.328999,7.5993776,8.286142,7.7188015,8.957219,7.470962,8.077633,9.191179,7.261753,9.220171,7.060826,8.917343,6.431353,8.560789,5.8754444,8.571327
01/02/2008,8.084345,8.726824,7.894981,8.580673,7.9918146,9.235311,7.7697062,8.345736,9.498811,7.5932145,9.507572,7.2237372,9.095896,6.538725,9.114027,5.998993,9.151066
01/03/2008,8.357965,8.770668,8.222855,8.720243,8.326399,9.354151,8.045691,8.733058,9.65662,8.004165,9.461474,7.563305,9.492147,6.784272,9.168089,6.339431,9.195304
01/04/2008,8.628082,9.283996,8.577657,9.372234,9.007621,10.068739,8.416314,9.151638,10.174012,8.472919,10.189819,8.064437,10.332918,7.214296,9.991002,6.808758,9.806371
01/05/2008,9.0538025,10.110259,9.025025,10.383261,9.630704,11.325895,8.823339,9.6966505,11.245573,9.125364,11.388052,8.77893,11.630238,7.9744697,11.529183,7.4816346,11.070323
01/06/2008,9.388542,11.007142,9.435987,11.036992,10.292732,11.965025,9.321108,10.141754,11.987782,9.702253,12.45817,9.319389,12.445784,8.803225,12.478828,8.372569,12.085748
01/07/2008,10.00433,11.658155,10.038197,11.706233,11.0920315,11.828566,9.91442,10.710049,12.566721,10.406887,13.020193,10.184169,13.149416,10.068154,12.982452,9.452724,13.010597
01/08/2008,9.966183,11.42844,10.050011,11.554491,11.08383,11.446964,9.942601,10.687542,12.347305,10.484767,12.897611,10.111057,12.855148,9.947121,12.880957,9.344816,12.890005
01/09/2008,10.106743,11.302757,10.184013,11.542892,11.181534,10.898352,10.056301,10.75635,12.233233,10.528111,12.681282,9.954166,12.415695,9.962797,12.408829,9.358859,12.670338
01/10/2008,10.343552,11.441278,10.420275,11.650896,11.225807,10.967552,10.3050375,11.035967,12.422096,10.85825,12.915146,10.081434,12.609947,9.932434,12.310362,9.37475,12.383902
01/11/2008,10.207712,10.976637,10.311138,10.784733,10.584557,9.667826,10.177192,10.959185,11.6275425,10.738373,11.963224,9.764421,10.970127,9.573865,10.89183,9.032667,10.592198
01/12/2008,9.787703,9.8439455,9.927475,9.880447,9.91466,8.429503,9.754827,10.528982,10.569978,10.027647,10.195231,9.060299,9.4931965,8.940387,9.338403,8.449184,8.721697
01/01/2009,8.74536,9.335745,9.0090275,9.020531,9.023464,7.297826,9.111675,9.56403,9.772766,8.688879,8.747101,8.046663,8.329129,7.848048,8.0973625,6.7552805,7.432556
01/02/2009,8.196604,8.507406,8.418406,8.246493,8.33776,5.885732,8.520214,8.868372,8.884918,7.7228546,7.372296,7.2067738,6.8538666,7.1064234,6.561053,6.0481906,5.94424
01/03/2009,7.5405836,7.7609777,7.7165246,7.4705124,7.4983,4.87864,7.7809057,8.062565,7.9779744,6.7976832,6.3216567,6.2711835,5.379367,6.062615,5.3708196,4.9384,4.756689
01/04/2009,7.0289016,6.930852,7.1163535,6.6120744,6.6657066,4.051316,7.086317,7.305956,7.0060015,5.9272766,5.327511,5.3374887,4.306054,5.293858,4.1982055,4.162407,3.741324
01/05/2009,6.4065695,6.059003,6.5249205,5.725622,6.110525,2.9716969,6.4927382,6.6115975,5.916798,5.1818967,4.207945,4.613626,3.3947468,4.6295047,3.0614972,3.492868,2.6741147
01/06/2009,5.8528543,5.111015,5.897355,4.9122334,5.224514,2.0578384,5.7421546,5.920744,5.031061,4.435003,3.2431483,3.6692023,2.3950934,3.4194708,1.8885732,2.3223996,1.5842915
01/07/2009,5.1270366,4.331827,5.1401854,4.0492654,4.232633,1.3818383,4.973366,5.0895214,4.1787505,3.4246445,2.194655,2.5262475,1.433897,1.8900633,0.8089304,1.0702252,0.46967268
01/08/2009,4.844427,4.1814327,4.832995,3.738904,3.847587,0.98570585,4.5873365,4.693675,3.869152,2.9105544,1.6120911,2.0385623,1.0773897,1.4924884,0.28436184,0.77403784,0.3341794
01/09/2009,4.535055,4.100764,4.573679,3.5573006,3.5452247,1.0120511,4.304343,4.403496,3.664124,2.6814222,1.5420794,2.054429,1.3041854,1.4416218,0.47262907,0.7508874,0.4555583
01/10/2009,4.141414,3.6995053,4.1469097,3.103459,3.0941248,0.33140182,3.7954812,3.873682,3.1837702,1.9466281,0.6363034,1.3743877,0.5863786,0.86147785,-0.039243698,0.1644969,0.25849342
01/11/2009,3.9268255,3.492546,3.8667917,2.9920459,2.8355837,0.22002459,3.4513621,3.5076737,3.0411363,1.5111089,0.43936968,0.8740902,0.57621,0.27514696,0.04965067,-0.4642427,0.52090883
01/12/2009,3.8175344,3.4597993,3.707385,2.9711008,2.725792,0.4802823,3.2386522,3.317988,3.0156493,1.4824033,0.91848373,0.7821679,0.7197261,0.15040636,0.2542615,-0.51677823,0.86351633
01/01/2010,3.8438082,3.5897017,3.7427902,3.3665895,3.131473,1.053822,3.200629,3.3791065,3.4233809,1.92945,1.7385483,1.220119,1.4608622,0.7124305,1.1385679,0.6059408,1.9137979
01/02/2010,3.8417578,3.6628246,3.7405372,3.5401344,3.2487035,1.9267082,3.2142289,3.3983707,3.4242988,2.1478772,2.1957636,1.489234,2.174151,0.9981632,2.050078,0.9238839,2.9336452
01/03/2010,4.035473,3.9243102,3.9873123,3.983593,3.6907911,2.6245356,3.541848,3.7004948,3.7572384,2.6279926,2.8600097,2.1146536,2.9431343,1.7885566,2.9036403,1.8604875,4.007089
01/04/2010,4.163635,4.0181518,4.1140556,4.11824,3.8276434,2.6793838,3.7145312,3.8488865,3.897214,2.8868914,2.95887,2.467966,3.0715585,2.281654,3.2220602,2.365744,4.2704463
01/05/2010,4.2260766,4.0697575,4.1802645,4.0257215,3.7970424,2.6975155,3.794053,3.9331675,3.9913654,2.904296,2.6856065,2.4089098,2.7362347,2.246797,3.0251145,2.348423,3.9541364
01/06/2010,4.3549895,3.9618492,4.274583,3.96415,3.809607,2.675128,3.9128344,4.046285,3.9208293,2.9487371,2.5202394,2.6134372,2.5850534,2.8255224,2.814281,3.0134797,3.7126303
01/07/2010,4.382825,3.8766265,4.3245435,3.9210558,3.7833333,2.706349,3.9529965,4.1454315,3.8779616,3.1811595,2.5983334,2.8984666,2.5431275,3.2274127,2.850616,3.3133745,3.6270142
01/08/2010,4.4088364,3.8161874,4.3331623,3.9248586,3.8901925,2.8287172,3.9732845,4.2390823,3.9066792,3.3244252,2.8266072,3.0980706,2.5969148,3.3291101,2.9663801,3.3930302,3.4050584
01/09/2010,4.379976,3.7126899,4.2841196,3.8957238,3.9356709,3.145516,3.9225433,4.193127,3.8677454,3.3626556,2.7675152,3.1541228,2.5742292,3.564036,3.093505,3.6434531,3.3292532
01/10/2010,4.418075,3.8258076,4.3375373,4.0911555,4.1891932,3.5018325,4.0028615,4.3047786,4.084778,3.5741687,3.1541944,3.3195019,2.913344,3.8998246,3.6540747,4.0155053,3.829074
01/11/2010,4.4107437,3.819394,4.3416023,4.0719986,4.262769,3.6252856,4.0220733,4.3120027,4.06965,3.6063433,3.143847,3.43709,2.898395,4.0689707,3.6435366,4.1072726,3.7460208
01/12/2010,4.605007,3.961122,4.5540333,4.243982,4.398179,4.009068,4.292021,4.598844,4.1929007,3.9931417,3.4280062,3.9502382,3.2956839,4.5428753,4.1926622,4.459226,4.207909
01/01/2011,4.457891,3.9728403,4.427016,4.602802,4.6184063,4.2502403,4.189773,4.4416428,4.11129,4.083836,3.9329886,4.0012956,3.920877,4.826641,4.597461,4.6228766,4.5969844
01/02/2011,4.6750307,4.3038487,4.6841264,5.1009774,4.9096584,4.644549,4.473344,4.799652,4.5868516,4.48426,4.404223,4.4029117,4.6581984,5.2739263,5.1422,4.811001,4.7920227
01/03/2011,4.7632813,4.4469237,4.7296762,5.38702,4.753518,4.7183275,4.484793,4.899645,4.7093153,4.534197,4.506719,4.5390844,5.0700545,5.2317142,5.4237723,4.584098,4.970598
01/04/2011,5.002141,4.668057,4.973376,5.8300734,5.185032,5.211818,4.770891,5.2231193,5.1264644,4.92357,5.1460505,5.0342083,5.8805346,5.4611564,5.94033,4.815507,5.6654215
01/05/2011,5.087912,5.0225735,5.0785065,6.182301,5.5297256,5.6720138,4.9116445,5.3501606,5.528331,5.2127957,5.8741927,5.3951144,6.7578077,5.6827545,6.4771295,4.940903,6.2113643
01/06/2011,5.109799,5.3067684,5.144644,6.3655376,5.7492733,6.1124682,4.9791408,5.450082,5.8281064,5.349207,6.249094,5.5670977,7.1457148,5.6292653,6.7341566,4.7679067,6.5492034
01/07/2011,5.2165985,5.6008935,5.2858233,6.684029,6.067395,6.6334605,5.1468143,5.6282043,6.2325716,5.5661917,6.663692,5.892217,7.7644706,5.8627725,7.6039553,5.055177,7.2798133
01/08/2011,5.4106593,5.944288,5.4935694,6.9790006,6.2717915,6.9152355,5.403556,5.8506846,6.606984,5.8065057,7.17901,6.0555696,8.185423,5.948472,8.003653,5.0855637,7.910931
01/09/2011,5.4687977,6.0370684,5.5505514,6.997013,6.2702894,6.5102935,5.4660444,5.95119,6.650841,5.8580875,7.2174907,6.090462,7.867503,5.764568,7.593882,4.945302,7.644379
01/10/2011,5.5945516,6.020689,5.6584716,6.9240093,6.1505795,6.341493,5.5998387,6.077683,6.602061,6.0907006,7.3042274,6.450045,7.7993155,6.401062,7.126045,5.527115,7.1991324
01/11/2011,5.630052,6.0729027,5.7055354,6.9173455,6.368625,6.2110066,5.6222253,6.167555,6.6530347,6.2189817,7.391131,6.773007,7.974112,6.8692446,7.1151495,6.06879,7.364404
01/12/2011,5.505049,5.978656,5.5848002,6.79065,6.3186646,5.962193,5.4787507,6.0326457,6.5985203,6.0707808,7.18925,6.669247,7.831335,7.0299864,6.9390535,6.3133836,7.1549416
01/01/2012,5.364895,5.615413,5.408597,5.968809,5.6571007,5.3680778,5.2684855,5.90384,6.1325073,5.8787823,6.363976,6.440127,6.6508293,6.5309644,6.0097694,5.7319403,6.2711
01/02/2012,5.168462,5.294323,5.206561,5.5687428,5.4207683,4.738188,5.053345,5.6845903,5.831027,5.6709766,6.1494946,6.2980533,6.117654,6.3450694,5.496335,5.7506323,6.05489
01/03/2012,5.1353335,5.1573873,5.175519,5.14462,5.450392,4.2679906,5.0238,5.639875,5.655062,5.6537867,5.9191227,6.156707,5.5517316,6.2679768,5.0363064,5.6734085,5.6595206
01/04/2012,4.875326,4.967177,4.9160957,4.8078656,5.0794125,3.9350748,4.719747,5.352485,5.3691387,5.371046,5.388427,5.7611823,5.000162,5.952275,4.5484185,5.3712964,5.0679445
01/05/2012,4.878986,4.77612,4.8707485,4.5871377,4.825568,3.719759,4.66265,5.327642,5.1763177,5.313039,5.150008,5.677116,4.4928193,5.8357477,4.0699363,5.318749,4.7754407
01/06/2012,4.9390197,4.6565294,4.907298,4.4944167,4.723823,3.495562,4.7044315,5.3875327,5.006528,5.4234624,4.9922824,5.763328,4.2476296,5.757582,4.114568,5.292487,4.345417
01/07/2012,4.8795104,4.427099,4.801059,4.3267846,4.5066237,3.0863047,4.585382,5.2692056,4.675722,5.2603245,4.6708584,5.5710554,3.9317012,5.49258,3.5634875,4.9259305,3.727889
01/08/2012,4.930067,4.4973254,4.839003,4.336965,4.4986963,3.195715,4.614659,5.3461432,4.673457,5.307567,4.565358,5.6507707,4.067564,5.640948,3.7804246,5.131948,3.3833504
01/09/2012,4.9612045,4.5577526,4.8760533,4.4459105,4.4347286,3.6422849,4.6516814,5.3918242,4.788387,5.3673744,4.6270013,5.6795,4.4259906,5.782485,4.5053005,5.2714825,3.8656235
01/10/2012,4.9247146,4.594338,4.8487186,4.4669867,4.4762373,3.8094997,4.60763,5.341983,4.826653,5.3102493,4.6758413,5.5217266,4.449582,5.3022385,4.6902537,4.840815,3.8874269
01/11/2012,4.957378,4.609132,4.8710346,4.4810057,4.31484,3.9414167,4.674882,5.3787947,4.810345,5.383718,4.7179103,5.384755,4.3274403,5.015743,4.5707107,4.618919,3.432417
01/12/2012,5.0585747,4.6334743,4.9657106,4.5386434,4.3278694,4.0281534,4.7948484,5.5352926,4.8027635,5.4974556,4.8205614,5.5023313,4.328811,4.9708605,4.5838,4.6378016,3.6664367
01/01/2013,5.1398396,4.732609,5.0156236,4.6780944,4.560554,4.0746093,4.8813143,5.618942,5.0017595,5.5112004,4.8632383,5.5936456,4.4118404,5.1643133,4.8601747,5.1014066,3.791809
01/02/2013,5.2493215,4.819691,5.1059604,4.794836,5.1381826,4.14387,4.9858165,5.677688,5.0121307,5.618,4.8180103,5.954993,4.595399,5.5428147,5.2520633,5.590546,4.105592
01/03/2013,5.0756693,4.692018,4.9495816,4.68657,5.1749706,4.1378617,4.818642,5.4631352,4.9117684,5.442071,4.7581196,5.842066,4.64046,5.587697,5.276501,5.78115,4.187441
01/04/2013,5.1246643,4.6409607,4.993105,4.5321703,5.083716,4.028082,4.870751,5.495167,4.7672153,5.46788,4.6610236,5.796778,4.3697953,5.5020094,5.0492406,5.739677,3.968525
01/05/2013,5.002749,4.45174,4.8891425,4.39502,5.076468,4.0355325,4.7343087,5.35264,4.487169,5.315399,4.473448,5.809486,4.431665,5.613959,5.225408,5.8999777,4.0106416
01/06/2013,4.891777,4.5058727,4.803121,4.5042157,5.1223397,4.2894006,4.6476727,5.2476645,4.645169,5.2455783,4.6691895,5.642414,4.7745824,5.524993,5.44461,5.8126926,4.6020985
01/07/2013,4.7419786,4.372275,4.69867,4.38571,4.959142,4.2411327,4.5241127,5.10478,4.476869,5.171597,4.5963645,5.422175,4.577458,5.3486824,5.324483,5.6447864,4.6135783
01/08/2013,4.400575,3.9661884,4.377258,4.0640354,4.6887994,3.5923839,4.136762,4.6590686,4.017079,4.8012257,4.1448236,5.1525474,3.8907528,5.1535845,4.693365,5.4866076,4.3129206
01/09/2013,4.203856,3.7842155,4.1871667,3.8724065,4.6795964,3.226018,3.9065087,4.4094086,3.817749,4.570794,3.9994955,4.9763083,3.8660645,4.977703,4.275012,5.328691,4.078555
01/10/2013,4.104316,3.7076235,4.1066647,3.8065553,4.6171665,3.1238556,3.817208,4.299557,3.6962748,4.459524,3.832078,4.986143,3.644693,5.030608,3.7773848,5.3598285,3.894782
01/11/2013,4.0543914,3.6892653,4.0645123,3.763175,4.64437,3.1775355,3.7528846,4.204011,3.6648035,4.3525577,3.8440228,4.996407,3.6144257,5.1061153,3.6567926,5.5454254,4.0367365
01/12/2013,3.8598537,3.595829,3.8818002,3.735268,4.5866966,3.065157,3.5286603,3.9392233,3.559792,4.154372,3.756225,4.817915,3.6402225,4.9129725,3.7214756,5.3094745,3.9927244
01/01/2014,3.623581,3.3658862,3.6949039,3.588426,4.3239594,2.9833913,3.2940238,3.691733,3.2972932,3.959477,3.7058353,4.558885,3.6252737,4.6480536,3.5442352,4.9958706,3.8847923
01/02/2014,3.4062147,3.094685,3.4672499,3.212595,3.5669088,2.8498769,3.0118535,3.4519076,3.002274,3.67136,3.3932924,4.099345,3.19072,4.2150617,2.9228926,4.4204235,3.1206012
01/03/2014,3.4964442,3.0712128,3.4975767,3.1840563,3.4070015,2.8790355,3.0569737,3.5006166,2.9982686,3.6709309,3.395629,4.0471673,3.021419,4.109919,2.750492,4.2162538,2.865839
01/04/2014,3.4006953,2.9277205,3.4156919,3.0656457,3.3439994,2.8665066,2.953646,3.3788562,2.8320074,3.5241485,3.1280518,4.0329933,3.1204343,4.2530537,2.796793,4.378021,2.9614568
01/05/2014,3.3898592,2.8290272,3.390634,2.9770136,3.220892,2.7089596,2.9320116,3.3416748,2.763784,3.5070658,3.0516386,3.9480567,2.9476166,4.2892694,2.6134014,4.486561,2.88527
01/06/2014,3.2642007,2.655983,3.2850742,2.814269,3.1306982,2.3598313,2.8233411,3.1639218,2.438116,3.3689141,2.699852,4.101515,2.6468158,4.514003,2.458775,4.6661854,2.6089191
01/07/2014,3.2488227,2.7097464,3.2679796,2.8621197,3.2147288,2.4027586,2.8262606,3.1283855,2.6667356,3.335631,2.8280377,4.1890383,2.7826905,4.60279,2.4699092,4.843974,2.7071118
01/08/2014,3.2806396,2.6635528,3.3103108,2.9616594,3.2135487,2.9356837,2.8949559,3.2019377,2.6479006,3.4049392,2.8474212,4.260659,2.9702306,4.7802806,2.6901364,5.0938725,2.8682113
01/09/2014,3.2829762,2.6040435,3.3043146,2.9139638,3.1398416,3.0234098,2.8863487,3.190744,2.5640726,3.3655286,2.756083,4.2930007,2.7764559,4.7890663,2.4769187,5.037689,2.687943
01/10/2014,3.2552123,2.5699854,3.2415867,2.90941,3.153503,3.031242,2.8070061,3.126347,2.5030136,3.262782,2.7700782,4.1386843,2.9094815,4.488468,2.8826475,4.6992064,2.845788
01/11/2014,3.1770945,2.4143338,3.1505823,2.7861238,3.0337453,2.9004097,2.673922,3.030455,2.336526,3.2036185,2.3736715,4.013264,2.4907947,4.523635,2.645564,4.578316,2.6791453
01/12/2014,3.1622171,2.4332762,3.1164289,2.7414918,3.0853271,3.0716538,2.6483107,2.9609084,2.3241878,3.0769587,2.3132563,3.8269758,2.32687,4.2791724,2.385378,4.3264866,2.226019
01/01/2015,3.1253934,2.4065852,3.0652165,2.662766,2.9822588,3.0883312,2.5478406,2.8726935,2.2032857,2.9556036,2.0273328,3.767538,1.9973278,4.2461395,1.6444325,4.2073607,1.2077212
01/02/2015,3.175044,2.4917006,3.104508,2.7056694,2.9781818,3.1376123,2.6037667,2.9225945,2.1669984,3.0125737,2.0593405,3.751564,2.0438194,4.2167068,1.925385,4.323864,1.6724825
01/03/2015,3.0471325,2.4394631,3.018701,2.6490688,2.9351592,2.863264,2.4899516,2.8086185,2.0326257,2.9191136,1.8605232,3.6028624,1.892972,4.0264964,1.6846299,4.208255,1.5247703
01/04/2015,3.0481458,2.571392,2.9913187,2.748251,2.9911637,2.869606,2.4672751,2.7792811,2.1971583,2.886176,2.0543575,3.5128355,1.9456983,3.890562,1.678443,4.047966,1.4431715
01/05/2015,3.0339122,2.707827,3.0045748,2.9010773,3.0599833,2.632022,2.481476,2.7596593,2.3602128,2.9129982,2.1863937,3.5137534,1.9396782,3.9067626,1.7642736,4.0395737,1.4920831
01/06/2015,3.1116128,2.7563214,3.054607,2.9298663,3.082943,2.7463078,2.519916,2.8699875,2.5044918,2.9515266,2.2849798,3.3672094,1.9363761,3.7790895,1.6717911,3.927791,1.3810277
01/07/2015,3.145969,2.7376175,3.0681849,2.8767943,2.9790998,2.815342,2.5062406,2.8768659,2.2463322,2.917695,2.0721674,3.27816,1.6711235,3.6439538,1.6160965,3.886664,1.2453198
01/08/2015,3.175807,2.8024435,3.0880451,2.7641773,3.0733228,2.5913835,2.5450783,2.865088,2.2816896,2.9062152,2.0522475,3.3582568,1.5337229,3.5567164,1.3079047,3.7404418,0.92140436
01/09/2015,3.163302,2.7548075,3.08429,2.688408,3.039205,2.4758458,2.532079,2.8398037,2.1839023,2.9168725,1.8916249,3.392613,1.3078809,3.6245346,1.1580706,3.88484,0.6013155
01/10/2015,3.1761527,2.817893,3.1274915,2.6559114,2.9943824,2.475655,2.5995178,2.8849006,2.264297,3.017795,1.8603563,3.520763,1.170373,4.0602326,1.0854244,4.5181036,0.6305933
01/11/2015,3.1608105,2.8313518,3.1242251,2.6916742,2.9411793,2.4878144,2.6017416,2.8562903,2.2967935,2.9917598,1.9345641,3.559029,1.3831854,4.025364,1.3673544,4.500103,0.89879036
01/12/2015,3.1799793,2.75414,3.137982,2.622497,2.8025866,2.3842454,2.605811,2.8787255,2.1818876,3.0679107,1.8578649,3.6956787,1.4024854,4.2367935,1.3396621,4.777026,0.92725754
01/01/2016,3.2312274,2.6945353,3.1822085,2.5531888,2.8177857,2.3062825,2.676892,2.9471517,2.1041393,3.1254292,1.8410683,3.742838,1.6118526,4.258144,1.9489169,4.865265,1.6451716
01/02/2016,3.1097412,2.5878668,3.0964494,2.4972916,2.8540373,2.1876693,2.5538576,2.7869225,2.1546245,3.0393243,1.8688321,3.6885262,1.4935851,4.2936683,1.5666962,4.7326922,0.98086596
01/03/2016,3.0829191,2.6881218,3.0666947,2.5955796,2.8135777,2.5246859,2.5011926,2.7605295,2.2482276,2.964437,2.0401478,3.6414385,1.6818285,4.3143272,1.9074917,4.8456073,1.2749076
01/04/2016,3.051567,2.4966478,3.0486584,2.493918,2.6368499,2.4270773,2.4900138,2.728057,2.0254135,2.9125333,1.9142747,3.584516,1.4416456,4.4478297,1.8449903,4.9590707,1.6324401
01/05/2016,3.0125856,2.3366213,3.0106783,2.4707794,2.6680827,2.7861,2.4421027,2.6905894,1.9672155,2.8860927,1.8796563,3.6215186,1.5739679,4.6127915,1.9656897,5.095792,1.7508268
01/06/2016,2.9337883,2.3247957,2.9265165,2.5052428,2.6887536,2.781713,2.3377223,2.565229,1.9851804,2.7745605,1.879561,3.543377,1.6982675,4.4866323,2.1481633,4.924834,1.9325972
01/07/2016,2.8813124,2.2216916,2.892077,2.5186062,2.8318048,2.758646,2.297272,2.522552,1.9236207,2.808392,1.8695235,3.7195563,1.8490672,4.804635,2.2036433,5.07921,1.8431067
01/08/2016,2.84487,2.1520615,2.8609514,2.4809003,2.727759,2.6281238,2.2533245,2.522552,1.8741846,2.7582526,1.831007,3.547883,1.847136,4.7242045,2.2879958,4.9877405,1.9380212
01/09/2016,2.798891,2.1577835,2.8202534,2.5149822,2.7204514,2.614081,2.2097638,2.4710894,1.9189358,2.7043104,1.9464135,3.3780694,2.049768,4.5546055,2.4375916,4.7813296,2.386105
01/10/2016,2.8199434,2.0557642,2.8280616,2.5802374,2.8329015,2.6030183,2.2353854,2.4621725,1.8392205,2.7129889,1.9646168,3.5111666,2.2404432,4.4603586,2.7133584,4.5511246,2.550888
01/11/2016,2.8220415,2.0038247,2.8252125,2.58317,2.8267503,2.6478767,2.2317848,2.4668097,1.7247796,2.7004242,2.0707846,3.4638643,2.3109198,4.396534,2.7209878,4.5250416,2.5328994
01/12/2016,2.8281808,2.0304441,2.8341413,2.6639938,2.9632092,2.5955439,2.2280905,2.4950862,1.7346501,2.6767015,2.035749,3.4073472,2.223599,4.422164,2.7469516,4.5654774,2.708745
01/01/2017,2.9168248,2.1061897,2.9209733,2.8382182,3.0995011,2.5774956,2.3709435,2.5964856,1.8832088,2.8185368,2.2188902,3.5362244,2.2904396,4.727006,3.0610561,4.912317,3.1397223
01/02/2017,2.9457092,2.1374345,2.9272795,2.8334022,3.0708194,2.6484966,2.376219,2.6332498,1.778698,2.8250098,2.1325588,3.4903169,2.3438454,4.619956,3.1470895,4.9208164,3.2927275
01/03/2017,2.9158235,1.9883871,2.8906226,2.6659966,3.0640483,2.4060726,2.3197474,2.5397778,1.5607476,2.7727127,1.8386602,3.4586787,2.1595955,4.594934,2.7984738,4.733777,2.8200269
01/04/2017,2.8586268,1.9701958,2.835548,2.6444077,3.1031966,2.3735762,2.2273936,2.466607,1.4925718,2.746749,1.7914176,3.5065532,2.2214413,4.440427,2.9624581,4.634154,2.5283813
01/05/2017,2.84065,1.9395351,2.7946115,2.508533,2.9829621,2.315724,2.1580515,2.443397,1.311326,2.6322007,1.6245604,3.3720255,2.0251036,4.182887,2.5683403,4.323542,2.1082878
01/06/2017,2.781701,1.8161535,2.7360082,2.380848,2.8316855,2.2432685,2.0819135,2.3540974,1.0141134,2.5306702,1.4318705,3.3019185,1.9154787,4.158175,2.3176312,4.3058395,1.8741965
01/07/2017,2.7291536,1.7718673,2.6875257,2.260673,2.640748,2.1425366,2.0383196,2.2868872,0.9322524,2.3760915,1.2155056,3.253436,1.7031789,4.1332364,2.0890236,4.36548,1.8172264
01/08/2017,2.6658535,1.7434955,2.6186109,2.1978855,2.5375843,1.9817829,1.9245689,2.1741152,0.8643508,2.2687078,1.0761976,3.1242967,1.6259909,3.9312243,2.0836592,4.2192698,1.9231677
01/09/2017,2.6895165,1.7845631,2.6278973,2.2401333,2.5226355,1.9552231,1.9313384,2.1644115,0.90932846,2.1833181,1.0621309,3.0821323,1.6029716,3.945887,2.151394,4.1493177,2.0850897
01/10/2017,2.6548743,1.7935157,2.6037693,2.1929622,2.4249911,2.0544648,1.9112027,2.146721,0.8963585,2.1062613,1.1072397,2.8643131,1.4576674,3.879261,1.6972661,4.1472793,1.8049121
01/11/2017,2.6923656,1.8354177,2.6283622,2.324903,2.6262403,2.0311952,1.9630133,2.2046566,1.0931373,2.0385861,0.99470615,2.9673815,1.4837384,4.0150046,1.9450426,4.2523503,2.0685673
01/12/2017,2.6177168,1.8337846,2.5819898,2.4225235,2.617991,2.2673488,1.9099257,2.103901,1.1851907,1.9565344,1.0915399,2.979362,1.7531395,4.0081263,2.141428,4.222226,2.348113
01/01/2018,2.5220394,1.8131614,2.4954677,2.2783518,2.4795175,2.1416187,1.7870466,1.9957423,1.0971189,1.785028,0.9813905,2.7791977,1.6958475,3.5950541,1.8168092,3.6364675,2.0917654
01/02/2018,2.5278926,1.8092036,2.5091171,2.3105145,2.4638414,2.0411134,1.828293,2.020812,1.1984468,1.7096639,0.9627223,2.6619315,1.6276479,3.4380317,1.7405629,3.4378529,2.1579504
01/03/2018,2.544582,1.7961144,2.5132537,2.3678303,2.4662137,2.2312999,1.8477386,2.0319223,1.1913657,1.6704202,1.0115862,2.634418,1.7012477,3.309381,1.8624663,3.4121752,2.4238229
01/04/2018,2.592373,1.7735124,2.5630236,2.3637176,2.4074554,2.313912,1.9097807,2.1129131,1.1617303,1.6374111,0.948596,2.6109219,1.5940547,3.2734036,1.5860081,3.4004807,2.315545
01/05/2018,2.5989652,1.8404365,2.5766134,2.4466753,2.4184823,2.1416426,1.9564018,2.1323323,1.1910677,1.6134143,0.95306635,2.6042461,1.6550422,3.2902002,1.9527555,3.4426332,2.6575327
01/06/2018,2.7435422,1.9275308,2.7204633,2.5416374,2.4937391,2.332306,2.149437,2.2985697,1.317358,1.7490983,1.1121869,2.7095437,1.7550826,3.2051206,1.9518137,3.4289837,2.8682947
01/07/2018,2.8778076,2.006185,2.8277516,2.6047587,2.6496649,2.4425626,2.3022912,2.4122596,1.38942,1.8847823,1.2290597,2.6202679,1.8078327,3.0871034,2.1311998,3.2319546,2.9363394
01/08/2018,2.9313564,2.129829,2.8820634,2.7129173,2.817583,2.73633,2.3863072,2.524376,1.4801025,1.8612027,1.2626171,2.6251793,1.9735456,3.1616092,2.0934582,3.3820033,3.072095
01/09/2018,2.9637694,2.1426558,2.9186964,2.7228832,2.821219,2.718532,2.4622424,2.5652647,1.5230417,1.8945694,1.2889028,2.5828004,2.0757914,3.0373454,2.0772576,3.4472346,2.7950406
01/10/2018,2.901101,2.1063566,2.8588295,2.6809692,2.8099895,2.5401711,2.3377085,2.4694324,1.3928294,1.7760515,1.1596799,2.4530292,2.0518064,2.8606296,2.509725,3.2424927,3.148973
01/11/2018,2.8298378,2.0754576,2.804339,2.5429368,2.6525378,2.537334,2.2567024,2.4307609,1.2474895,1.7173648,1.101768,2.1498084,1.9186378,2.4932027,2.1564722,2.8334618,2.318573
01/12/2018,2.848816,1.9816756,2.7977705,2.3190618,2.5170684,2.188623,2.2707956,2.4700284,1.1207819,1.6079187,0.95016956,1.8621445,1.5160561,2.108562,1.7976999,2.526617,1.6102552
01/01/2019,2.7281165,1.7960072,2.6674986,2.1854281,2.3757696,2.1255255,2.0932584,2.3000479,0.87988377,1.2037039,0.42237043,1.5082598,1.0691881,1.7934322,1.3862252,2.4425268,1.3945818
01/02/2019,2.6822925,1.6907096,2.6100993,2.215588,2.4376154,1.9786596,1.9999918,2.2406697,0.7941723,1.0095835,0.2600193,1.3871074,0.9529352,1.6601086,1.2817264,2.3108602,1.3306975
01/03/2019,2.760446,1.6078115,2.6951313,2.164662,2.3344517,1.6276598,2.1242096,2.2996902,0.7842183,1.0715961,0.15323162,1.4061451,0.77074766,1.7034769,1.2287498,2.2677183,1.4343381
01/04/2019,2.7601004,1.7145991,2.6853323,2.2732973,2.440083,1.4463305,2.1493526,2.2752047,1.0299563,1.0456562,0.35779476,1.2901545,0.8894801,1.7115712,1.5495181,2.2990584,1.832509
01/05/2019,2.7460456,1.7902732,2.676189,2.2704363,2.531004,1.5758038,2.1278577,2.2629976,1.1386633,0.9629965,0.2794981,1.0946512,0.85566044,1.5012383,1.4650702,2.0871162,1.7122626
01/06/2019,2.7024627,1.7429113,2.6009917,2.2292137,2.3689032,1.8026948,2.0337088,2.2309422,1.1564851,0.70205927,-0.0024795532,0.80314875,0.50097704,1.4921904,1.6670585,2.0763636,1.9974709
01/07/2019,2.5509357,1.6488314,2.4887323,2.234733,2.3595095,1.6859293,1.8717127,2.1801472,1.2109518,0.4716158,0.011193752,0.5700469,0.65398216,1.2781858,1.7028689,2.0590067,1.9047856
01/08/2019,2.523601,1.5243411,2.4481058,2.118504,2.200687,1.493597,1.8153403,2.0937204,1.0889173,0.4277706,-0.059717894,0.46145916,0.4513383,1.0892868,1.2897491,1.7165899,1.4078856
01/09/2019,2.4536133,1.4943719,2.387631,2.064526,2.1709442,1.362586,1.7113575,2.0384073,0.9675741,0.19391775,-0.228405,0.38468838,0.19186735,0.8847594,1.1021376,1.3752222,1.2996197
01/10/2019,2.4513245,1.5017867,2.3822546,2.0222545,2.0835996,1.2721062,1.7448883,2.0755172,1.0102034,0.19575357,-0.32771826,0.52262545,0.07419586,1.1963487,0.70647,1.6670346,0.97323656
01/11/2019,2.46737,1.5264869,2.3755193,2.135396,2.1389246,1.3280511,1.7655231,2.0755172,1.0716796,0.15895367,-0.22965074,0.56984425,0.32801628,1.3534784,0.92966557,1.870501,1.6418219
01/12/2019,2.4793506,1.5582442,2.3827314,2.145958,2.0733476,1.4082193,1.7605133,2.0617247,1.0823607,0.16149282,-0.31219125,0.69162846,0.29166937,1.6210437,1.1019349,2.058506,2.1051407
01/01/2020,2.5996685,1.7784119,2.4774551,2.3114324,2.2547007,1.4239788,1.8836437,2.203393,1.3209224,0.41788816,0.0975728,0.80901384,0.6287694,1.6687512,1.4852405,2.0524979,2.357483
01/02/2020,2.5480032,1.8072248,2.4404407,2.1786213,2.1260977,1.4857054,1.8243083,2.1658778,1.3222098,0.49784184,0.10429621,0.76760054,0.4844308,1.6002059,1.26127,1.9654632,2.087605
01/03/2020,2.39712,1.9079447,2.3022652,2.1876693,2.192533,1.7589569,1.639586,2.0607352,1.3881922,0.39992332,0.17169714,0.7416725,0.5182147,1.6183257,1.1456013,2.0420313,1.8370867
01/04/2020,2.3231745,1.8520117,2.2219062,2.294314,2.2535086,2.482903,1.497774,1.9594908,1.2597919,0.34980774,0.11179447,0.87742805,0.8202672,1.7270684,1.3564706,2.0971656,1.1320829
01/05/2020,2.3005843,1.8225431,2.1940708,2.2501826,2.1704793,2.3796082,1.4754872,1.8969417,1.2089252,0.41145086,0.21740198,1.0600448,0.74204206,1.844728,1.0671139,2.2298694,0.7387996
01/06/2020,2.207768,1.8042803,2.1360517,2.3551106,2.21169,2.0226836,1.3825147,1.7884731,1.2058735,0.5543828,0.48799515,1.2679219,0.87673664,2.0556927,1.1316895,2.4482608,0.9683728
01/07/2020,2.2422433,1.9640446,2.1261573,2.3774028,2.1047473,1.816833,1.3716693,1.7260313,1.2635827,0.58721304,0.6035447,1.3528705,0.7997036,2.1481872,1.2022138,2.3295522,1.1886954
01/08/2020,2.2900105,1.9567847,2.1653771,2.4933338,2.2607088,1.802814,1.4226105,1.7884731,1.4156699,0.6704092,0.55758953,1.5242577,0.77741146,2.4397135,1.6153336,2.597487,1.5713573
01/09/2020,2.3668408,1.9144893,2.247417,2.4797797,2.2689939,2.368176,1.550461,1.8651605,1.4267802,0.91050863,0.5149245,1.7278314,0.87964535,2.7584672,1.7575026,3.031242,2.0173311
01/10/2020,2.386129,1.8914104,2.2683144,2.4958014,2.1815777,3.2518983,1.5550079,1.8773794,1.4148593,0.92738867,0.39048195,1.5861154,0.94833374,2.3032427,2.9043555,2.7927637,3.2785177
01/11/2020,2.4549365,2.0739198,2.326572,2.5054693,2.2383213,3.3869863,1.6204731,1.876533,1.6913533,1.0170221,0.6316304,1.670146,0.9014845,2.311802,2.9031873,2.7788997,3.0544758
01/12/2020,2.4547338,2.046764,2.3694158,2.508521,2.2411585,3.4696221,1.6991857,1.9014239,1.6720176,1.1323214,0.5198598,1.7421961,0.9847045,2.551806,3.264141,2.8621197,3.1547785
01/01/2021,2.4845958,2.121377,2.4463177,2.7506948,2.2504568,3.4566164,1.8195558,1.9143701,1.9459009,1.2322307,0.81523657,1.8785119,1.1337876,2.9032826,3.677106,3.1956673,3.4855127
01/02/2021,2.6851892,2.2262454,2.6120543,2.9828787,2.381134,3.5882592,2.0471485,2.0816684,2.0595312,1.4598846,1.1508107,2.1462083,1.6098738,3.2924056,4.2313337,3.6025167,4.043877
01/03/2021,2.8312802,2.6240468,2.7492046,3.2928586,2.6067853,3.761065,2.214657,2.1939278,2.5294185,1.4902234,1.5406847,2.0466566,2.043879,3.1933784,4.7666907,3.5673738,4.7212005
01/04/2021,2.8887272,2.6943922,2.8249383,3.1602502,2.585733,3.2762885,2.327729,2.2633195,2.6136994,1.6667247,1.6148925,2.0242453,1.7670274,3.080368,4.3159604,3.385675,5.0272346
01/05/2021,2.9533148,2.7172446,2.8814793,3.2131076,2.5944948,3.35325,2.3951209,2.3388386,2.6419759,1.8034339,1.6813993,2.00696,1.9798398,3.0504584,4.611099,3.3189654,5.544758
01/06/2021,2.9696703,2.6734471,2.8835535,3.0553937,2.5557756,3.2552361,2.3922648,2.3368359,2.559948,1.8683672,1.6726851,1.896739,2.024138,2.716124,4.355955,2.912712,4.8291564
01/07/2021,3.0364156,2.6625395,2.9576898,3.0436516,2.541256,3.43678,2.4729178,2.4121523,2.440989,2.041316,1.7023206,1.9669056,2.1446824,2.618146,4.3408394,2.8099537,4.82527
01/08/2021,3.1993508,2.8867006,3.108573,3.0898213,2.5800586,3.6175728,2.6747212,2.5546312,2.5524497,2.2127032,2.043414,1.9887686,2.4035692,2.6205182,4.511857,2.867806,4.8707247
01/09/2021,3.2921672,2.982974,3.1865716,3.174603,2.6613355,3.165996,2.7772977,2.6566863,2.632773,2.4461508,2.36516,2.0290852,2.6156545,2.6131988,4.6192884,2.7935147,4.749191
01/10/2021,3.4732938,3.237331,3.367889,3.4307957,2.9384613,2.5076032,3.0291417,2.8632164,2.914095,2.720487,2.917087,2.359724,3.1253815,2.870226,4.0676117,2.7772307,3.950858
01/11/2021,3.7689447,3.5025358,3.6733985,3.7000895,3.2721877,2.549076,3.3562045,3.2613993,3.1697392,3.1633735,3.2174587,2.6149511,3.5125256,3.0171275,4.4204354,2.9561162,4.483402
01/12/2021,4.116297,3.9266825,3.981769,3.9724946,3.6034703,2.7495265,3.6877007,3.7003756,3.6963105,3.5702229,3.7724853,2.9532433,4.0136695,2.9511929,4.2028785,3.0316353,4.3545127
01/01/2022,4.3447733,3.986752,4.1817546,3.941214,3.6420941,2.888739,3.880837,4.023385,3.663993,3.878808,3.8845778,3.2229424,4.0655017,3.09999,4.070282,3.219831,3.9559484
