Fecha,Percentil equiponderado 77.25,Percentil ponderado 80.96,"Media Truncada Equiponderada (55.91, 92.18)","Media Truncada Ponderada (46.44, 98.55)","Inflación de exclusión dinámica (0.47, 4.97)","Exclusión fija de gastos básicos IPC (12, 52)",MAI óptima CORR 2018,"MAI (G,3,[0.32, 0.77])","MAI (FP,5,[0.34, 0.66, 0.78, 0.86])","MAI (F,5,[0.32, 0.66, 0.78, 0.87])"
01/12/2001,13.082516,15.427256,12.934756,16.224205,11.020649,9.004271,9.671562,9.1012,9.482157,9.824287
01/01/2002,13.79937,16.320587,13.565135,16.457355,11.403931,9.234142,10.056311,9.465218,9.880233,10.198868
01/02/2002,13.982534,16.956818,13.732016,16.929663,11.627722,9.599506,10.232573,9.825838,10.051811,10.376846
01/03/2002,13.884914,16.830015,13.672686,16.890694,11.663961,9.528351,10.163643,9.759533,10.007084,10.289073
01/04/2002,13.873756,17.036295,13.662791,16.983341,11.712896,9.419298,10.091255,10.009909,9.927559,10.218883
01/05/2002,13.866949,16.428816,13.667715,16.744959,11.481428,9.205687,10.112734,9.804249,9.954203,10.238707
01/06/2002,13.578987,16.223408,13.363552,16.21487,11.203361,8.971095,9.929835,9.631693,9.790254,10.040975
01/07/2002,13.344204,16.075336,13.118542,15.607166,10.875547,8.618999,9.737479,9.481549,9.637666,9.817266
01/08/2002,12.044334,14.722216,11.998272,14.296091,10.044252,7.811177,8.923944,8.685362,8.864331,8.972335
01/09/2002,11.573887,14.174628,11.518574,14.024377,9.818912,7.50798,8.527419,8.366632,8.445633,8.59226
01/10/2002,11.099136,13.604212,10.94234,13.375711,9.251844,6.9546103,8.073002,7.97019,7.9731107,8.1513405
01/11/2002,10.58997,13.391865,10.553098,13.434744,9.467876,6.9332123,7.782579,7.9382777,7.6884866,7.8537345
01/12/2002,10.15259,13.066196,10.203409,13.045716,9.2360735,6.5704346,7.490482,7.7519655,7.4062943,7.5528502
01/01/2003,9.237968,12.182606,9.180319,12.402832,8.236731,6.020272,6.8961954,7.2891235,6.846142,6.930685
01/02/2003,8.806574,11.394024,8.701539,11.777651,7.8484297,5.5606008,6.502304,6.8546414,6.464839,6.5274477
01/03/2003,8.484268,11.000311,8.373892,11.565054,7.745731,5.512476,6.208291,6.653285,6.1626196,6.238866
01/04/2003,8.391989,11.168205,8.281744,11.540389,7.825911,5.700302,6.142273,6.753981,6.091571,6.1750293
01/05/2003,8.38319,11.407447,8.244265,11.585331,7.8591347,6.0302973,6.086075,6.8882227,6.0308933,6.120336
01/06/2003,8.30077,11.313688,8.187938,11.55814,7.732725,5.915022,6.021783,6.6666365,5.9756517,6.0506463
01/07/2003,8.216513,10.761976,8.121586,11.466921,7.7476144,5.9638023,5.962389,6.404698,5.840516,6.0522556
01/08/2003,8.081114,10.498608,7.977283,11.350405,7.708633,5.940175,5.8153486,6.268728,5.675912,5.918765
01/09/2003,8.011365,10.347832,7.966614,11.315703,7.815826,6.0133696,5.8378973,6.0059786,5.7130456,5.932939
01/10/2003,7.8312993,10.400856,7.850766,11.338353,7.817149,6.142473,5.7420053,5.9191823,5.6274176,5.8289766
01/11/2003,7.663405,10.41416,7.6465964,11.148537,7.586825,6.1192393,5.5267906,5.6815147,5.430889,5.599475
01/12/2003,7.596183,10.715998,7.6053143,11.246681,7.690966,6.236291,5.485933,5.8811903,5.3962708,5.5512667
01/01/2004,7.522309,11.253476,7.6267123,11.861634,8.172536,6.7641854,5.466483,6.4107537,5.381322,5.5226088
01/02/2004,7.371688,11.371983,7.5174212,12.2012615,8.360779,6.845176,5.4201326,6.4240336,5.323243,5.48476
01/03/2004,7.359767,11.307049,7.5913906,12.388336,8.449388,7.0691347,5.5067134,6.4415812,5.426562,5.559039
01/04/2004,7.1902037,10.957754,7.4974537,12.3665695,8.34446,6.9268703,5.417144,6.2282205,5.332005,5.474639
01/05/2004,7.4089885,11.4494915,7.6763034,12.68264,8.665049,7.099879,5.598198,6.475818,5.508876,5.658245
01/06/2004,7.498276,11.761152,7.727051,12.862837,8.840179,7.216823,5.6387086,6.783521,5.5428863,5.7010293
01/07/2004,7.4772716,11.867655,7.679689,12.82649,8.76075,7.3435426,5.567236,6.8305254,5.5271626,5.584979
01/08/2004,7.772255,12.289047,7.993555,13.1297,8.903027,7.631147,5.849471,7.036102,5.8173895,5.861783
01/09/2004,8.070314,12.9974,8.323336,13.735115,9.204292,8.002353,6.102781,7.6094747,6.0656548,6.115675
01/10/2004,8.447075,13.241982,8.779073,14.309942,9.619188,8.228767,6.5036592,8.002626,6.4831853,6.5036654
01/11/2004,8.92489,13.737106,9.25355,15.052164,9.896219,8.493733,6.919763,8.2901,6.9078565,6.914425
01/12/2004,9.171081,13.784003,9.464371,15.041626,9.8318815,8.535862,7.11958,8.257139,7.099533,7.1229815
01/01/2005,9.467983,13.241291,9.9087715,14.566565,9.8431,8.250797,7.4082613,7.7589393,7.38827,7.419789
01/02/2005,9.682012,13.082611,10.075784,14.148498,9.5908165,8.252215,7.529298,7.6247096,7.4898124,7.558632
01/03/2005,9.764099,13.272751,10.058045,14.037395,9.439158,7.9758167,7.4910545,7.6836824,7.4390173,7.5291395
01/04/2005,9.769333,13.288236,10.015631,14.240217,9.494686,8.046889,7.466944,7.7381134,7.413161,7.505572
01/05/2005,9.753311,12.808442,10.022438,14.311242,9.461987,7.9707265,7.4378123,7.604623,7.3830843,7.478261
01/06/2005,9.660602,12.61735,9.968019,14.558924,9.523905,8.2545395,7.3904853,7.3376417,7.3432207,7.427418
01/07/2005,9.761786,12.99243,10.06453,15.0980835,9.759641,8.326387,7.493389,7.6171517,7.4527264,7.523346
01/08/2005,9.431707,12.80514,9.799838,14.905298,9.558415,8.028555,7.275674,7.498336,7.2232723,7.3137403
01/09/2005,9.340513,12.620926,9.693373,14.861261,9.677374,7.990861,7.178913,7.3811054,7.1206927,7.2217226
01/10/2005,9.52524,13.972628,10.111356,16.217815,10.507261,8.577883,7.5703173,7.747245,7.333946,7.751894
01/11/2005,9.468567,14.010143,10.109758,15.870857,10.497379,8.026624,7.6298804,7.8066945,7.386923,7.816577
01/12/2005,9.435738,13.733029,10.056793,15.67111,10.4724045,7.814491,7.5510626,7.6621294,7.315862,7.732415
01/01/2006,9.147549,14.180672,9.79054,15.358007,9.897542,7.654643,7.4282317,7.81523,7.210171,7.5933933
01/02/2006,8.758497,13.751125,9.498966,14.908648,9.736061,6.9632053,7.188922,7.5517178,6.9891095,7.340157
01/03/2006,8.705735,13.826752,9.578681,15.1018505,9.826649,6.963992,7.310069,7.518804,7.0798635,7.486534
01/04/2006,8.8920355,13.853908,9.769333,15.374613,9.939504,7.0316195,7.4770517,7.558775,7.227385,7.6699615
01/05/2006,8.626866,13.644993,9.564018,15.691233,9.934128,6.8448663,7.3050356,7.3688865,7.03212,7.516217
01/06/2006,8.485484,13.193405,9.525156,15.2153015,9.773981,6.6874623,7.2917137,7.2217345,7.0247054,7.499695
01/07/2006,8.469069,12.920797,9.539139,14.824462,9.61672,6.4605474,7.2847195,6.962514,7.020092,7.493472
01/08/2006,8.517957,12.692976,9.533728,15.031397,9.791279,6.3990474,7.270974,6.8894744,6.997943,7.48688
01/09/2006,8.3148365,12.157404,9.255255,14.1657715,9.10672,5.7088017,7.0342746,6.432855,6.7730784,7.2432756
01/10/2006,7.822287,10.426962,8.399892,11.967921,7.7666283,4.7483563,6.26573,5.6971073,6.1583877,6.354797
01/11/2006,7.442546,9.567213,7.9933524,11.21695,7.3028564,4.9613833,5.8545685,5.282223,5.746448,5.9442997
01/12/2006,7.412064,9.526849,8.049011,11.696053,7.4332476,5.1490545,5.9003973,5.2810073,5.78115,5.999267
01/01/2007,7.3087215,8.68107,7.72146,11.579954,7.4018717,5.1865935,5.7302237,5.0338984,5.595839,5.8416724
01/02/2007,7.3522687,9.026373,7.7850223,11.910057,7.455051,5.8164,5.7556734,5.2313685,5.626452,5.861318
01/03/2007,7.497108,9.349907,7.851076,12.078751,7.5977087,6.260705,5.819869,5.4493427,5.720675,5.900562
01/04/2007,7.3901534,9.393728,7.714224,11.589885,7.6275945,6.1102867,5.7100725,5.4295897,5.632949,5.772674
01/05/2007,7.503879,9.277678,7.7025414,10.638725,7.230222,5.6667686,5.7029753,5.3438783,5.6520104,5.7460546
01/06/2007,7.662177,9.356046,7.7941656,10.788452,7.188332,5.527246,5.7179713,5.401039,5.6526423,5.77178
01/07/2007,7.7765703,9.66202,7.8176737,11.020207,7.3446393,6.177962,5.7820764,5.58393,5.7150245,5.835986
01/08/2007,8.053743,10.241246,8.146834,11.320602,7.4831486,6.754577,6.103388,5.8843374,6.0571313,6.141329
01/09/2007,8.32094,10.644126,8.366966,11.786485,7.69099,7.395017,6.275429,6.269312,6.2186003,6.319368
01/10/2007,8.426666,10.8389015,8.628309,12.3192425,8.077204,7.628393,6.5586615,6.4022064,6.5258145,6.5855026
01/11/2007,8.935892,12.349236,9.203661,14.196563,9.206545,8.588076,7.0148454,7.201576,6.9550633,7.0590377
01/12/2007,9.243345,13.766182,9.4314575,14.983487,9.696234,9.105766,7.204548,8.05875,7.13042,7.2529435
01/01/2008,9.581947,14.215016,9.776485,15.187335,9.748411,9.072638,7.255728,8.201849,7.1938634,7.2936296
01/02/2008,10.012781,14.853727,10.139847,15.686262,10.208284,9.346986,7.585903,8.557653,7.516885,7.6290846
01/03/2008,10.405278,14.912807,10.51613,16.085232,10.54132,9.463608,7.8233614,8.741438,7.7552676,7.8663707
01/04/2008,10.907984,15.922093,10.993778,17.207516,10.9104395,10.424816,8.228115,9.296644,8.170879,8.261097
01/05/2008,11.335802,17.413925,11.533106,18.979347,11.919535,11.670113,8.675236,10.21372,8.620119,8.701658
01/06/2008,11.920034,18.86077,12.114263,20.29345,12.765646,12.38122,9.24272,10.947693,9.171653,9.279787
01/07/2008,12.704039,19.918764,12.897194,21.413862,13.622212,12.253189,9.835051,11.536765,9.727489,9.900498
01/08/2008,12.772596,19.682049,12.864137,21.077383,13.501215,11.874044,9.780504,11.454678,9.663736,9.853399
01/09/2008,12.90325,19.696438,13.045979,21.080566,13.548052,11.335349,9.999298,11.295521,9.888184,10.071718
01/10/2008,13.208842,20.018566,13.222671,21.179604,13.513792,11.609364,10.114738,11.474525,9.977436,10.206854
01/11/2008,13.054764,18.90626,12.9647255,19.528889,12.441969,10.311961,9.942278,10.777593,9.803629,10.040903
01/12/2008,12.596882,17.128956,12.529588,17.996002,11.624026,8.864212,9.579497,9.650934,9.451056,9.678149
01/01/2009,11.607349,15.837216,11.567116,16.757118,10.485721,7.7104807,9.034824,9.1433525,8.910894,9.129608
01/02/2009,10.8506565,14.608526,10.821033,15.606904,9.590054,6.3100696,8.372296,8.413017,8.258748,8.459747
01/03/2009,10.031319,13.556528,9.9781275,14.177585,8.493101,5.227661,7.661732,7.591808,7.5452566,7.752645
01/04/2009,9.230673,12.230396,9.212923,12.736082,7.7441573,4.165876,6.92918,6.7533016,6.804955,7.0272565
01/05/2009,8.56688,10.69845,8.578944,11.213768,6.8116307,3.098607,6.3900337,5.7260513,6.245744,6.5088153
01/06/2009,7.7385545,9.204149,7.684684,9.697747,5.718398,2.123189,5.563386,4.87746,5.4492116,5.65902
01/07/2009,6.7233205,7.795334,6.695342,8.156705,4.561794,1.4464498,4.7229624,4.079652,4.6550035,4.7822595
01/08/2009,6.3179255,7.3051095,6.30548,7.6137424,4.2569637,1.0539293,4.3500643,3.6595821,4.2841554,4.408276
01/09/2009,5.9818864,6.955898,5.990219,7.3423505,4.026282,1.0740161,4.0510654,3.5329103,3.9796233,4.1118026
01/10/2009,5.463898,6.310475,5.4646134,6.6394567,3.537774,0.2161622,3.5391703,3.0843496,3.4720063,3.5959482
01/11/2009,5.1084757,6.008816,5.089247,6.6307783,3.4843802,0.11365414,3.1747391,2.9430032,3.1330585,3.2094002
01/12/2009,4.876852,5.939162,4.862404,6.4228654,3.3391714,0.3746271,2.9565077,2.8983355,2.9249907,2.981472
01/01/2010,4.7841787,6.4765096,4.977572,6.9224715,3.9303184,0.9628773,3.1080105,3.0285597,3.0650854,3.1420588
01/02/2010,4.8351765,6.5096617,4.982829,7.173848,4.2425632,1.8223882,3.1202435,3.123939,3.074491,3.1556249
01/03/2010,5.100775,6.97428,5.332923,8.042347,4.7255993,2.5902271,3.4671097,3.4501195,3.424406,3.5003185
01/04/2010,5.259502,7.076001,5.515933,8.291685,4.888928,2.6442766,3.690217,3.593874,3.6346793,3.734219
01/05/2010,5.3296804,7.0450306,5.564952,8.129894,4.6813726,2.6621819,3.7150452,3.6479235,3.6879182,3.736651
01/06/2010,5.417156,7.0129395,5.701065,8.088756,4.775417,2.64014,3.8655624,3.6820889,3.8018584,3.916812
01/07/2010,5.486274,6.930232,5.764997,8.020496,4.788637,2.6709437,3.9228091,3.695774,3.8541675,3.9783478
01/08/2010,5.4993033,6.9693923,5.766952,8.010138,4.713416,2.7915359,3.8976798,3.763926,3.8232088,3.9567828
01/09/2010,5.439019,6.8369865,5.7420373,8.006167,4.8232317,3.1035542,3.8457773,3.6606789,3.780675,3.8981318
01/10/2010,5.5335402,6.922853,5.8153033,8.3112,5.1012635,3.454399,3.9263096,3.8193345,3.8685203,3.9721608
01/11/2010,5.527246,6.9284916,5.8396816,8.127761,5.050719,3.5698295,3.9840975,3.799498,3.9236426,4.0328264
01/12/2010,5.8223724,7.114136,6.0887218,8.3817005,5.2942395,3.9478064,4.214554,3.9486527,4.151094,4.266453
01/01/2011,5.6855917,7.790506,5.9360027,8.795619,5.6600094,3.8755417,4.0392714,4.0320873,3.9990425,4.070425
01/02/2011,5.974996,8.609354,6.303668,9.438742,6.183338,3.9075017,4.3661594,4.3449044,4.318607,4.403138
01/03/2011,6.014979,8.774877,6.3729763,9.74195,6.611705,3.7719965,4.3926063,4.558015,4.341352,4.4305205
01/04/2011,6.263411,9.765649,6.7273617,10.434067,7.1128488,4.067552,4.70181,4.8374057,4.6679497,4.7264934
01/05/2011,6.4000487,10.541773,6.896341,10.960806,7.522404,4.4030547,4.9003057,5.2156806,4.838288,4.945004
01/06/2011,6.5045238,10.917414,7.0297837,11.363268,7.90962,4.6153903,4.94197,5.415106,4.8987985,4.9703717
01/07/2011,6.672299,11.333668,7.302356,12.217259,8.264912,4.760039,5.2376895,5.693674,5.185449,5.2733064
01/08/2011,6.941664,12.056267,7.5889826,12.731564,8.610403,4.7959685,5.563825,6.1248302,5.519867,5.591893
01/09/2011,7.0202947,12.155664,7.655561,12.633538,8.5379715,4.6227694,5.638525,6.18428,5.595875,5.6657314
01/10/2011,7.1537495,12.158716,7.8660965,12.454891,8.494604,4.601431,5.833679,6.10044,5.77147,5.878985
01/11/2011,7.1992517,12.011576,8.010459,12.501633,8.533537,4.658985,5.9156303,6.125498,5.855918,5.9595823
01/12/2011,7.00438,11.733055,7.964182,12.440502,8.45201,4.4127464,5.86722,5.90142,5.808282,5.9123993
01/01/2012,6.778991,10.197746,7.6217294,11.163128,7.608247,4.0213823,5.5245724,5.353987,5.456984,5.578625
01/02/2012,6.5351725,9.560442,7.3952436,10.580897,7.1112156,3.7863612,5.3532867,5.140519,5.2891493,5.405104
01/03/2012,6.4968586,9.169662,7.3206306,9.773397,6.6302896,3.393352,5.315378,4.8226833,5.2451134,5.3748727
01/04/2012,6.1977983,8.285642,6.9481134,9.177315,6.1571836,3.2026172,4.977798,4.5158386,4.887593,5.052495
01/05/2012,6.1379433,7.772219,6.829834,8.715761,5.951059,3.1545281,4.8290195,4.261565,4.7588706,4.889226
01/06/2012,6.1731935,7.527268,6.8081856,8.318853,5.580759,3.0905008,4.844633,4.10825,4.7842503,4.899001
01/07/2012,6.033516,7.210791,6.6133857,7.6916337,5.315745,2.943027,4.6290817,3.8085938,4.572141,4.6816587
01/08/2012,6.0573697,7.0632815,6.648791,7.81461,5.336213,2.9469013,4.647295,3.6913633,4.5977592,4.695523
01/09/2012,6.088221,7.14705,6.6598654,8.269954,5.4902196,2.9293895,4.6638374,3.6996603,4.609883,4.7155857
01/10/2012,6.029868,7.1780562,6.5570474,8.299101,5.505383,3.0450344,4.5758896,3.7554502,4.5292377,4.6204686
01/11/2012,6.062722,7.330191,6.4957023,8.147562,5.391073,3.020668,4.558827,3.7468076,4.515064,4.6010733
01/12/2012,6.220782,7.5096846,6.5500736,8.274614,5.3635,3.0776262,4.587928,3.80646,4.5544267,4.6218753
01/01/2013,6.340492,7.6819897,6.6706657,8.572578,5.552578,3.1157374,4.632002,3.9875388,4.5797586,4.6790957
01/02/2013,6.4112544,7.675147,6.8975687,8.9683895,5.778289,3.0758262,4.77446,4.0116787,4.7076344,4.8341155
01/03/2013,6.2423706,7.7223063,6.752169,9.038174,5.7442665,3.0566812,4.639992,4.0432334,4.5825005,4.690671
01/04/2013,6.318152,7.523775,6.7786694,8.730375,5.6257963,2.961862,4.6515884,3.9475322,4.6087265,4.692006
01/05/2013,6.2117934,7.231784,6.7201257,8.647335,5.5451155,2.8700948,4.6031914,3.7876964,4.5565367,4.64772
01/06/2013,6.087756,7.4112415,6.6384435,9.10269,5.882108,2.85995,4.5679283,3.8880348,4.5282006,4.605663
01/07/2013,5.9768677,7.2916865,6.4854383,9.044361,5.859804,2.7580023,4.414736,3.7645578,4.3768167,4.4507623
01/08/2013,5.574894,6.7237616,6.125009,8.484125,5.519891,2.605033,4.0215497,3.4062624,3.983283,4.0575027
01/09/2013,5.368674,6.4882994,5.93518,7.9735994,5.338478,2.5414705,3.8145344,3.340578,3.7638783,3.8586617
01/10/2013,5.280483,6.2906265,5.878341,7.8356743,5.203259,2.4129868,3.7667902,3.2161117,3.716886,3.811133
01/11/2013,5.234766,6.295705,5.8743477,7.9737425,5.2670836,2.4478555,3.7523108,3.245473,3.7005544,3.7976384
01/12/2013,5.0094485,6.1787605,5.664718,7.7192783,5.2565336,2.32656,3.5532846,3.2790422,3.4866333,3.6077857
01/01/2014,4.7580957,6.154728,5.396676,7.4520707,5.0926566,2.2404194,3.3563023,3.1367779,3.292334,3.4081578
01/02/2014,4.499519,5.7904005,4.997432,6.6525817,4.5591593,2.0909429,3.0367532,2.8021812,2.9760003,3.0862808
01/03/2014,4.5482755,5.697942,4.97396,6.392753,4.4121146,2.1637917,2.9977002,2.7307272,2.937138,3.0474186
01/04/2014,4.432714,5.540061,4.90129,6.302607,4.297054,2.0410776,2.8956149,2.5598645,2.8355718,2.9456496
01/05/2014,4.40017,5.499947,4.8394203,6.0994983,4.1336536,1.9450784,2.8332412,2.524054,2.7703285,2.8852344
01/06/2014,4.269767,5.233836,4.82862,5.713904,3.7920475,1.7862439,2.77906,2.2076964,2.687645,2.8559446
01/07/2014,4.2726755,5.400133,4.8527718,5.727041,3.765893,1.8484116,2.7894523,2.4672031,2.696848,2.8646708
01/08/2014,4.374492,5.4216385,4.9177647,5.885434,3.8130164,1.8564224,2.8721952,2.5364041,2.7751207,2.951026
01/09/2014,4.3803334,5.392015,4.9272895,5.838108,3.7542343,1.8015504,2.8586388,2.4505615,2.767098,2.9339194
01/10/2014,4.31062,5.4418683,4.8230886,5.8743715,3.7543774,1.7296314,2.7356558,2.443087,2.6545882,2.801597
01/11/2014,4.2319536,5.024481,4.684186,5.615258,3.619206,1.6021729,2.5799565,2.1252632,2.4962544,2.649641
01/12/2014,4.185009,5.1036716,4.6135545,5.5948853,3.5305262,1.726532,2.5104115,2.060938,2.4356604,2.5730848
01/01/2015,4.1184187,4.684937,4.555881,5.483997,3.4543037,1.6252041,2.4224417,1.7880201,2.36485,2.4737
01/02/2015,4.1880846,4.746771,4.56841,5.694127,3.6322951,1.5788794,2.3956442,1.8638134,2.34766,2.4383664
01/03/2015,4.09714,4.710901,4.450023,5.6722164,3.5207748,1.5254617,2.2815356,1.7824173,2.235818,2.3221612
01/04/2015,4.0657997,4.856539,4.392147,5.701077,3.555131,1.5512586,2.260398,1.8943429,2.218449,2.29671
01/05/2015,4.099846,5.106473,4.418254,6.204891,3.9426804,1.5546322,2.2987437,2.076602,2.2662997,2.3261666
01/06/2015,4.1781664,5.0228,4.3553114,6.134844,3.9788127,1.6878009,2.244358,2.1680117,2.230692,2.2556663
01/07/2015,4.157841,4.878545,4.3414474,6.106627,3.9936662,1.5824676,2.2493176,1.9375324,2.241683,2.2583842
01/08/2015,4.1711807,4.879725,4.3819785,5.866134,3.9275646,1.5748024,2.3084276,1.8796682,2.2922277,2.325368
01/09/2015,4.1344523,4.7811627,4.4218183,5.6892395,3.823936,1.5102506,2.3884213,1.7853379,2.3750901,2.4049401
01/10/2015,4.176235,4.784441,4.511225,5.681479,4.0305734,1.5038729,2.5048714,1.8662572,2.47854,2.5318623
01/11/2015,4.1380763,4.843545,4.524541,5.7843447,4.035938,1.5591621,2.511511,2.0125747,2.46706,2.5511384
01/12/2015,4.161036,4.5891523,4.5692563,5.719292,3.950274,1.4322042,2.5753975,1.8483162,2.5264382,2.6208997
01/01/2016,4.218781,4.6910167,4.611981,5.78897,3.9381146,1.3744116,2.5971656,1.9274235,2.538669,2.649486
01/02/2016,4.0963054,4.7756553,4.5808315,5.661261,3.7074804,1.4650822,2.5834131,1.9927025,2.4998426,2.6544094
01/03/2016,4.042518,4.846406,4.559958,6.0230613,3.9470553,1.4250994,2.5675554,2.0443082,2.4788022,2.6418805
01/04/2016,4.07145,4.7403574,4.5397997,5.927837,4.0927052,1.384592,2.5314844,1.9278407,2.4310708,2.615714
01/05/2016,4.0497065,4.7917843,4.547262,5.7434797,3.8805485,1.3813138,2.5153754,1.861012,2.4030805,2.6093721
01/06/2016,3.973508,4.961705,4.4900775,5.9008,3.8417935,1.3500333,2.4750001,1.919961,2.36969,2.5625348
01/07/2016,3.9477825,4.854989,4.5430303,5.964911,3.789103,1.3568878,2.5105553,1.8155456,2.3947358,2.6077151
01/08/2016,3.9184809,4.7723413,4.4553638,5.9095144,3.697133,1.3724685,2.396208,1.8225431,2.2836924,2.489543
01/09/2016,3.8771987,4.916346,4.3385267,5.9913516,3.7451506,1.3808608,2.2475212,1.8121123,2.134657,2.339697
01/10/2016,3.899908,4.899597,4.4210434,6.13693,3.619516,1.4015079,2.271069,1.7846823,2.1580935,2.3638606
01/11/2016,3.9123774,4.927945,4.4140577,5.9839845,3.6345482,1.3497591,2.283615,1.6981483,2.1939397,2.3593187
01/12/2016,3.9237976,4.990673,4.425764,6.0998917,3.7656903,1.3795972,2.291993,1.768899,2.2053123,2.364719
01/01/2017,4.054272,5.1053405,4.5506716,6.2967896,3.987074,1.5064597,2.4575205,1.821351,2.3851037,2.5203228
01/02/2017,4.069984,4.9052835,4.5021653,6.245482,4.0625095,1.4484167,2.405384,1.6752839,2.3584723,2.4493337
01/03/2017,3.996539,4.617381,4.480076,5.708647,3.7820697,1.4081359,2.363493,1.5019298,2.319169,2.4067998
01/04/2017,3.8951397,4.526305,4.4400096,5.7172775,3.6499023,1.4046073,2.3059964,1.4688969,2.2688746,2.343452
01/05/2017,3.8020253,4.144573,4.331565,5.4581165,3.5125494,1.4145613,2.1696901,1.322031,2.133298,2.206695
01/06/2017,3.7268043,3.8821578,4.2619467,5.1702976,3.4061909,1.3844252,2.0585785,1.0873199,2.0152807,2.102244
01/07/2017,3.7134051,3.7107468,4.254794,4.9790025,3.3082843,1.361537,2.048295,1.0302424,2.0079136,2.09018
01/08/2017,3.5905242,3.552854,4.1978836,4.878521,3.3666372,1.2766361,1.9941324,0.86848736,1.9602299,2.0321012
01/09/2017,3.6181092,3.5006523,4.2104244,4.930711,3.4193516,1.2802362,2.0240622,1.0235667,1.983726,2.06573
01/10/2017,3.603375,3.613937,4.1486382,4.7706723,3.325522,1.2443185,1.9978472,1.0106921,1.9683719,2.030933
01/11/2017,3.6786675,3.7500858,4.2279005,5.175996,3.4980655,1.200211,2.0196252,1.1296988,1.9842625,2.0562768
01/12/2017,3.6221743,3.965354,4.2190313,5.328393,3.5579324,1.226902,1.9652808,1.2563229,1.9229054,2.0055056
01/01/2018,3.5236716,3.848493,4.0837884,5.04508,3.3266068,1.1551499,1.8318982,1.2482405,1.7816782,1.8769264
01/02/2018,3.5382986,3.9626598,4.0990233,5.076933,3.2262564,1.1086345,1.8448925,1.3085246,1.8094778,1.8779159
01/03/2018,3.5598755,4.0011406,4.1023135,5.1754236,3.3272624,1.1798859,1.8766804,1.2714148,1.811409,1.9336343
01/04/2018,3.6264777,4.0190935,4.170358,5.259061,3.3410072,1.1510968,1.9681118,1.2657166,1.9066453,2.0231128
01/05/2018,3.6528707,4.156661,4.2289376,5.529666,3.4956932,1.0134339,2.0784802,1.3031483,2.0146608,2.1360636
01/06/2018,3.8583994,4.3752074,4.417777,5.7359457,3.7252307,1.1324286,2.3221412,1.5526295,2.235198,2.3976326
01/07/2018,3.94665,4.567051,4.4525027,5.842018,3.8948894,1.1475801,2.3555884,1.657033,2.263689,2.434194
01/08/2018,4.039824,4.7366858,4.4949293,6.108248,3.981924,1.1974454,2.3953686,1.8396497,2.2977233,2.4769545
01/09/2018,4.1007757,4.7802567,4.5201063,6.0964465,3.9892554,1.2225628,2.4204054,1.768446,2.332282,2.4955869
01/10/2018,4.007709,4.6313524,4.407811,6.1757326,4.0943623,1.2051463,2.3103666,1.5929103,2.2237897,2.3850322
01/11/2018,3.9521694,4.610026,4.293108,5.7028055,3.8550854,1.2026906,2.2113407,1.5815377,2.12363,2.2859812
01/12/2018,3.9830565,4.4160485,4.2214036,5.428958,3.6689997,1.042068,2.1626186,1.4158249,2.0762444,2.2374392
01/01/2019,3.8355708,4.2224526,4.1059613,5.2465796,3.4483433,0.93306303,2.003604,1.1632442,1.9135833,2.0822406
01/02/2019,3.766048,4.0601254,4.059124,5.392289,3.5676837,0.81140995,1.9421799,1.0792494,1.8404365,2.03017
01/03/2019,3.8767576,4.0219784,4.166913,5.397725,3.6477685,0.6858468,2.0282502,1.0752916,1.9681811,2.0847678
01/04/2019,3.887689,4.2449594,4.141617,5.5210114,3.832841,0.71076155,1.973232,1.3256311,1.9072533,2.0311713
01/05/2019,3.892982,4.2369127,4.127383,5.2716613,3.7010431,0.78936815,1.9576313,1.3186455,1.8778682,2.0262003
01/06/2019,3.8131237,4.163873,3.9751887,5.252397,3.8457155,0.9649396,1.7654581,1.2302995,1.7148018,1.8103242
01/07/2019,3.7293196,4.2339683,3.8410425,5.2363396,3.759122,0.9411931,1.630058,1.2595057,1.5987158,1.6582012
01/08/2019,3.6600232,4.0987372,3.795755,4.947245,3.5293698,0.9577513,1.5845795,1.0853648,1.5557885,1.6120791
01/09/2019,3.5692573,4.004562,3.7551403,4.8822403,3.356588,0.88624954,1.533565,1.0282278,1.5074134,1.5590787
01/10/2019,3.583312,3.9274335,3.8214445,4.7994375,3.3075333,0.7744074,1.5545917,1.0458827,1.5346289,1.5753269
01/11/2019,3.6042094,3.9840221,3.8289785,5.126989,3.5291672,0.8199334,1.5916674,1.1387825,1.5733957,1.6105056
01/12/2019,3.5767674,3.875184,3.847003,5.1492095,3.5730124,0.84278584,1.5968387,1.143992,1.5829325,1.6122818
01/01/2020,3.6566615,4.1137457,3.9059281,5.314696,3.7857533,1.0798931,1.6994021,1.3681412,1.6997099,1.7025232
01/02/2020,3.625536,4.0816903,3.8266063,4.9905777,3.6041737,1.2064338,1.5934839,1.365447,1.5973687,1.5927553
01/03/2020,3.454554,4.1879177,3.6854148,5.075276,3.509736,1.2425303,1.4277236,1.4391303,1.4288306,1.4266729
01/04/2020,3.329432,4.15138,3.6734223,5.3622603,3.5885453,1.1818051,1.4253485,1.248622,1.4292598,1.4240742
01/05/2020,3.2871723,4.2048573,3.6453843,5.362034,3.6325216,1.2259483,1.3489944,1.18258,1.3777614,1.3282895
01/06/2020,3.1671882,4.1163325,3.6245465,5.4487824,3.7649632,0.8931041,1.2940995,1.123476,1.3074279,1.2854457
01/07/2020,3.1105042,4.135692,3.615272,5.731261,3.8645387,0.9369135,1.2877271,1.1772275,1.2868285,1.2895107
01/08/2020,3.1782746,4.344845,3.6964774,5.947888,4.082775,1.0844469,1.3634733,1.3093114,1.3586283,1.3677359
01/09/2020,3.2754302,4.3208957,3.805232,6.2081814,4.066539,1.6544819,1.5057104,1.2759686,1.4911652,1.5193343
01/10/2020,3.2833815,4.3070197,3.7434816,6.8692446,4.251671,2.6053429,1.4900908,1.2819171,1.4675736,1.5096903
01/11/2020,3.2799482,4.459512,3.811407,6.764078,4.136014,2.6558995,1.5789123,1.4155746,1.5582561,1.5965939
01/12/2020,3.3664227,4.5229554,3.9046526,7.1097374,4.2701364,2.6679754,1.6751976,1.4072418,1.6566396,1.6923308
01/01/2021,3.4528375,4.8576713,4.0536523,7.5148225,4.736364,2.6402473,1.8404756,1.7182708,1.805079,1.8691778
01/02/2021,3.6489487,5.262363,4.2629123,8.118689,5.0821185,2.666819,2.0686235,1.8859625,2.037692,2.0944715
01/03/2021,3.8030982,5.558574,4.372394,8.531893,5.268991,2.8210402,2.2258124,2.1745443,2.1959186,2.2494793
01/04/2021,3.9197087,5.4814696,4.3859363,8.125126,4.9903035,2.9242396,2.2457583,2.2940636,2.2019625,2.2791982
01/05/2021,3.9641619,5.4516315,4.3913364,8.161175,4.96825,2.8965354,2.2841427,2.3854494,2.2339463,2.3220062
01/06/2021,3.964436,5.4649234,4.323685,7.852173,4.4888735,2.9945135,2.2424335,2.3766637,2.1918178,2.280283
01/07/2021,4.058671,5.438888,4.3477535,7.563579,4.387307,3.0869365,2.2707498,2.294898,2.216673,2.3124337
01/08/2021,4.2382717,5.6161284,4.4712186,7.600236,4.382324,2.9913425,2.418394,2.5205493,2.3703218,2.4545908
01/09/2021,4.3329477,5.7356358,4.5087337,7.4565887,4.584229,2.5268078,2.44247,2.675283,2.3950338,2.4768114
01/10/2021,4.617703,6.141329,4.782605,7.1340084,4.579699,1.85045,2.7571392,2.920735,2.710998,2.7911782
01/11/2021,4.9771547,6.467414,5.0916195,7.574892,4.914534,2.0272136,3.0253906,3.073287,2.990508,3.051865
01/12/2021,5.308223,6.8790317,5.3848743,7.5271606,4.964292,2.3179054,3.3272767,3.4296274,3.2885194,3.3561826
01/01/2022,5.5459023,6.8947434,5.5650473,7.5838566,4.844022,2.0880103,3.502273,3.35294,3.478396,3.5222173
