Fecha,Percentil equiponderado 72.4,Percentil ponderado 70.0,"Media Truncada Equiponderada (58.76, 83.15)","Media Truncada Ponderada (21.0, 95.89)","Inflación de exclusión dinámica (0.32, 1.68)","Exclusión fija de gastos básicos IPC (14, 14)",MAI óptima MSE 2018,"MAI (FP,4,[0.32, 0.7, 0.79])","MAI (F,4,[0.31, 0.7, 0.82])","MAI (G,5,[0.05, 0.58, 0.75, 0.78])"
01/12/2001,10.629892,11.188149,10.577345,9.7057705,10.414004,9.104788,10.018155,10.062063,9.823918,9.898496
01/01/2002,11.200201,11.570633,11.069239,9.818352,11.501741,9.331429,10.382063,10.406399,10.263861,10.002708
01/02/2002,11.350548,11.737204,11.16612,10.103154,11.7164135,9.700298,10.440926,10.44153,10.378814,10.238409
01/03/2002,11.340404,11.550606,11.149847,10.0612755,11.713493,9.629202,10.377324,10.374868,10.313058,10.322857
01/04/2002,11.441636,11.762214,11.236895,10.134542,11.829126,9.518539,10.410076,10.407412,10.325289,10.619783
01/05/2002,11.350859,11.433041,11.199427,9.916949,11.484587,9.302151,10.400005,10.390865,10.339475,10.547197
01/06/2002,11.071217,11.046433,10.969305,9.645081,11.202013,9.064221,10.164807,10.1554985,10.101282,10.377932
01/07/2002,10.862803,10.709977,10.770237,9.2623,10.814392,8.706915,10.003448,10.003686,9.907663,10.280716
01/08/2002,9.825527,9.558916,9.754777,8.356083,9.960341,7.888961,9.094104,9.085917,9.055508,9.04895
01/09/2002,9.355283,9.20682,9.334982,8.020067,9.684145,7.5819135,8.697732,8.681643,8.679318,8.7309
01/10/2002,8.890593,8.761824,8.849823,7.632637,9.096729,7.021785,8.307697,8.295202,8.28383,8.310902
01/11/2002,8.518135,8.520889,8.456528,7.640159,8.871794,7.0049405,7.9277163,7.907152,7.9051137,8.253038
01/12/2002,8.236254,8.213258,8.171821,7.4412346,8.641696,6.6375017,7.635293,7.6067805,7.626784,8.107996
01/01/2003,7.3497415,7.398224,7.37319,6.945777,7.266724,6.0791373,7.105053,7.0961595,7.019949,7.8580976
01/02/2003,6.971085,6.822264,7.002473,6.5654516,6.7958117,5.6133747,6.7935,6.800866,6.666112,7.4991703
01/03/2003,6.732142,6.809938,6.7461133,6.502962,6.5648675,5.5645227,6.5237226,6.5430403,6.365812,7.1913004
01/04/2003,6.6622853,6.875503,6.6274166,6.563902,6.490493,5.7541847,6.4307303,6.4370275,6.297803,7.2800756
01/05/2003,6.6985965,7.1231484,6.6425323,6.67603,6.6455483,6.087601,6.4221845,6.4291954,6.2859774,7.286954
01/06/2003,6.7133784,7.021284,6.6265225,6.627369,6.6259384,5.9373736,6.368532,6.378782,6.2479496,6.9191813
01/07/2003,6.644666,6.8891525,6.533706,6.543064,6.5261483,5.987084,6.230917,6.2431455,6.121373,6.580436
01/08/2003,6.534922,6.635022,6.4214945,6.428647,6.377864,5.893004,6.115302,6.14053,5.96956,6.4448237
01/09/2003,6.4902782,6.4426184,6.379032,6.430316,6.2531233,5.9671044,6.059766,6.0880184,5.9055448,6.3880324
01/10/2003,6.346929,6.2887907,6.2515855,6.450498,6.3061237,6.0976744,5.90753,5.9277415,5.7592034,6.4773083
01/11/2003,6.189573,6.0715914,6.099844,6.3540816,6.293857,6.077862,5.7234855,5.7479024,5.5713058,6.2010646
01/12/2003,6.114459,6.0743093,6.0270905,6.4519763,6.3043475,6.1870217,5.6386633,5.635643,5.546379,6.397426
01/01/2004,6.155205,6.5933824,6.049037,6.885493,6.60094,6.7226887,5.6443305,5.6237698,5.5545807,7.029259
01/02/2004,6.0099244,6.788957,5.924189,7.023549,6.3974857,6.732285,5.5513396,5.5327415,5.441761,7.1217775
01/03/2004,6.0023785,6.825936,5.9350014,7.131994,6.526518,6.9591165,5.581639,5.549717,5.497241,7.3313594
01/04/2004,5.855906,6.510854,5.8335185,6.980467,6.3714743,6.815696,5.449836,5.4185867,5.3747296,7.0690274
01/05/2004,5.973196,6.711793,5.9670925,7.205093,6.4646244,6.953037,5.6072946,5.5858135,5.4875493,7.409334
01/06/2004,6.042993,7.1932077,6.0316086,7.374656,6.6859245,7.1054816,5.6653633,5.6281686,5.574453,7.6877
01/07/2004,6.0379624,7.249534,6.0257792,7.4520946,6.83707,7.2337747,5.6424556,5.6070447,5.541134,7.731509
01/08/2004,6.2902927,7.545817,6.2809825,7.7037454,7.061887,7.5946093,5.914721,5.8643103,5.854571,8.021522
01/09/2004,6.4837575,7.877648,6.506598,8.055008,7.4523926,7.970023,6.1781673,6.1147213,6.1287284,8.614742
01/10/2004,6.754601,8.07879,6.787944,8.410358,7.991445,8.199072,6.509457,6.44083,6.468916,8.997536
01/11/2004,7.1958423,8.598542,7.218015,8.801306,8.412325,8.350015,6.953052,6.8813086,6.916368,9.468424
01/12/2004,7.3202252,8.743656,7.374704,8.830357,8.499491,8.397711,7.134303,7.071376,7.0814013,9.506822
01/01/2005,7.6331615,8.681547,7.6796293,8.613515,8.730769,8.103704,7.3174777,7.2145104,7.4344635,9.029448
01/02/2005,7.802081,8.364164,7.820606,8.425034,8.747888,8.178627,7.437176,7.3388934,7.575476,8.692765
01/03/2005,7.8365088,8.301985,7.8540325,8.349514,8.591819,7.899606,7.470403,7.3836446,7.577467,8.684945
01/04/2005,7.8605533,8.439625,7.8501225,8.438337,8.691144,7.970381,7.458225,7.381463,7.5267315,8.785809
01/05/2005,7.926488,8.468998,7.8669906,8.383203,8.760273,7.9321504,7.485951,7.403338,7.5967193,8.496559
01/06/2005,7.8745604,8.20291,7.8009605,8.437443,8.870554,8.219385,7.398386,7.3390365,7.4465394,8.334864
01/07/2005,7.9578996,8.355474,7.8864217,8.500743,8.816778,8.292174,7.527225,7.45548,7.589352,8.7407
01/08/2005,7.7137113,8.113157,7.626903,8.334339,8.689094,7.992506,7.2362075,7.1576953,7.3069334,8.622003
01/09/2005,7.6468587,8.163333,7.5630546,8.322561,8.5742235,7.953763,7.182395,7.11416,7.247114,8.263123
01/10/2005,7.805097,8.672118,7.701051,8.960557,8.915556,8.498287,7.3259673,7.251966,7.384765,8.684837
01/11/2005,7.690501,8.512831,7.5917006,8.785427,8.912886,8.056105,7.2663965,7.2024107,7.3203206,8.316242
01/12/2005,7.727182,8.508099,7.608998,8.682489,8.8406925,7.8445554,7.2885942,7.2503567,7.300508,7.900429
01/01/2006,7.396245,7.9277396,7.3520303,8.375525,8.22407,7.6877236,7.194212,7.2103143,7.0644617,7.564628
01/02/2006,7.1412206,7.7750325,7.075858,8.088684,7.955003,6.9883704,6.921179,6.939447,6.7907214,7.244444
01/03/2006,7.134235,7.763362,7.073617,8.0071335,8.07954,6.9890738,6.9378834,6.9470406,6.850648,7.0554495
01/04/2006,7.1962,7.707262,7.158184,8.042264,8.096504,7.0589304,7.0771475,7.0786476,7.0203424,7.084775
01/05/2006,6.9624305,7.4096084,6.951654,7.911372,7.8101277,6.8695426,6.8241305,6.818521,6.7813993,6.944263
01/06/2006,6.8104744,7.121253,6.8378925,7.6200843,7.434559,6.710124,6.7476788,6.7148685,6.789553,6.826985
01/07/2006,6.7898393,7.0002556,6.809032,7.495892,7.43531,6.4801693,6.7126174,6.684077,6.771219,6.423402
01/08/2006,6.828892,7.001078,6.84942,7.489395,7.339132,6.4179063,6.754481,6.7386866,6.7855,6.3313246
01/09/2006,6.7028403,6.608999,6.6821456,7.0418715,7.0681334,5.7203054,6.5539246,6.546247,6.581235,5.8913946
01/10/2006,6.302047,5.8773637,6.308317,5.9445024,6.0435295,4.7962546,6.1283646,6.139505,6.1410904,4.9827933
01/11/2006,6.0269237,5.5475593,6.027043,5.5500984,5.627382,5.0136447,5.805362,5.7962418,5.870807,4.7842026
01/12/2006,6.0432553,5.3622723,6.018758,5.632293,5.8415174,5.2051425,5.7593365,5.731356,5.8610916,4.991758
01/01/2007,5.8146954,5.621922,5.8005095,5.61167,5.9473157,5.244446,5.5543995,5.532098,5.613816,5.1276326
01/02/2007,5.8526874,5.8812737,5.8757424,5.8326364,6.120014,5.8823586,5.6189275,5.5901766,5.6880236,5.306053
01/03/2007,5.952704,6.1791778,5.964732,6.0840487,6.13333,6.3316584,5.729983,5.6999087,5.7750106,5.7607293
01/04/2007,5.915749,6.348312,5.9146166,6.020522,6.02684,6.17913,5.661785,5.637741,5.6849003,5.749345
01/05/2007,6.0061097,6.200278,5.9611797,5.7511806,5.8693647,5.73045,5.731568,5.72294,5.729258,5.555105
01/06/2007,6.1486363,6.2330484,6.0712814,5.837202,5.947399,5.588925,5.833424,5.842972,5.783093,5.5719495
01/07/2007,6.1790347,6.3645005,6.122792,5.9552073,6.062126,6.2473774,5.8969646,5.9106708,5.820203,5.807519
01/08/2007,6.4269304,6.6353917,6.3403606,6.238568,6.337142,6.8303943,6.164616,6.1795115,6.0765743,6.1483502
01/09/2007,6.628251,6.90701,6.5140724,6.5051317,6.566131,7.4783325,6.3835416,6.391084,6.2885165,6.7114115
01/10/2007,6.726527,7.0053816,6.621921,6.7064404,6.8318605,7.714224,6.525755,6.5299153,6.43847,6.8696856
01/11/2007,7.0616364,7.629764,6.9881916,7.6696157,7.527554,8.682537,6.976789,6.98241,6.837404,7.8827024
01/12/2007,7.260072,8.575273,7.206726,8.186746,7.786274,8.992159,7.2406917,7.228172,7.0972085,8.855271
01/01/2008,7.8226566,8.328999,7.5993776,8.286142,7.7188015,8.957219,7.470962,7.463157,7.337892,8.755589
01/02/2008,8.084345,8.726824,7.894981,8.580673,7.9918146,9.235311,7.7697062,7.743311,7.6694846,9.309673
01/03/2008,8.357965,8.770668,8.222855,8.720243,8.326399,9.354151,8.045691,8.019125,7.971072,9.242916
01/04/2008,8.628082,9.283996,8.577657,9.372234,9.007621,10.068739,8.416314,8.37735,8.365774,9.74058
01/05/2008,9.0538025,10.110259,9.025025,10.383261,9.630704,11.325895,8.823339,8.769202,8.750307,10.964096
01/06/2008,9.388542,11.007142,9.435987,11.036992,10.292732,11.965025,9.321108,9.260952,9.234894,11.808527
01/07/2008,10.00433,11.658155,10.038197,11.706233,11.0920315,11.828566,9.91442,9.844637,9.842634,12.526178
01/08/2008,9.966183,11.42844,10.050011,11.554491,11.08383,11.446964,9.942601,9.874165,9.8841305,12.332892
01/09/2008,10.106743,11.302757,10.184013,11.542892,11.181534,10.898352,10.056301,9.991288,10.033882,11.851847
01/10/2008,10.343552,11.441278,10.420275,11.650896,11.225807,10.967552,10.3050375,10.25132,10.261178,11.92441
01/11/2008,10.207712,10.976637,10.311138,10.784733,10.584557,9.667826,10.177192,10.148883,10.146725,10.68486
01/12/2008,9.787703,9.8439455,9.927475,9.880447,9.91466,8.429503,9.754827,9.750009,9.730625,9.340191
01/01/2009,8.74536,9.335745,9.0090275,9.020531,9.023464,7.297826,9.111675,9.109759,9.110999,8.350145
01/02/2009,8.196604,8.507406,8.418406,8.246493,8.33776,5.885732,8.520214,8.538032,8.504284,7.265055
01/03/2009,7.5405836,7.7609777,7.7165246,7.4705124,7.4983,4.87864,7.7809057,7.807541,7.75702,6.3634634
01/04/2009,7.0289016,6.930852,7.1163535,6.6120744,6.6657066,4.051316,7.086317,7.1279645,7.04422,5.3994894
01/05/2009,6.4065695,6.059003,6.5249205,5.725622,6.110525,2.9716969,6.4927382,6.5445065,6.471479,4.2173147
01/06/2009,5.8528543,5.111015,5.897355,4.9122334,5.224514,2.0578384,5.7421546,5.8044314,5.706024,3.32942
01/07/2009,5.1270366,4.331827,5.1401854,4.0492654,4.232633,1.3818383,4.973366,5.0433993,4.937947,2.331388
01/08/2009,4.844427,4.1814327,4.832995,3.738904,3.847587,0.98570585,4.5873365,4.654503,4.5672536,1.8948674
01/09/2009,4.535055,4.100764,4.573679,3.5573006,3.5452247,1.0120511,4.304343,4.3630004,4.2762756,2.058506
01/10/2009,4.141414,3.6995053,4.1469097,3.103459,3.0941248,0.33140182,3.7954812,3.846681,3.79045,1.5855551
01/11/2009,3.9268255,3.492546,3.8667917,2.9920459,2.8355837,0.22002459,3.4513621,3.493905,3.4303188,1.8007159
01/12/2009,3.8175344,3.4597993,3.707385,2.9711008,2.725792,0.4802823,3.2386522,3.2805443,3.2051682,1.7893672
01/01/2010,3.8438082,3.5897017,3.7427902,3.3665895,3.131473,1.053822,3.200629,3.210628,3.2065392,2.4546385
01/02/2010,3.8417578,3.6628246,3.7405372,3.5401344,3.2487035,1.9267082,3.2142289,3.2205224,3.2019615,2.8358817
01/03/2010,4.035473,3.9243102,3.9873123,3.983593,3.6907911,2.6245356,3.541848,3.5442948,3.5123587,3.4953594
01/04/2010,4.163635,4.0181518,4.1140556,4.11824,3.8276434,2.6793838,3.7145312,3.7152529,3.6809564,3.7685275
01/05/2010,4.2260766,4.0697575,4.1802645,4.0257215,3.7970424,2.6975155,3.794053,3.7879348,3.781867,3.8272142
01/06/2010,4.3549895,3.9618492,4.274583,3.96415,3.809607,2.675128,3.9128344,3.905189,3.9216638,3.7267566
01/07/2010,4.382825,3.8766265,4.3245435,3.9210558,3.7833333,2.706349,3.9529965,3.9575696,3.928697,3.723085
01/08/2010,4.4088364,3.8161874,4.3331623,3.9248586,3.8901925,2.8287172,3.9732845,3.9860487,3.9102077,3.9240003
01/09/2010,4.379976,3.7126899,4.2841196,3.8957238,3.9356709,3.145516,3.9225433,3.9391756,3.8504362,3.8468242
01/10/2010,4.418075,3.8258076,4.3375373,4.0911555,4.1891932,3.5018325,4.0028615,4.0138364,3.9293528,4.14989
01/11/2010,4.4107437,3.819394,4.3416023,4.0719986,4.262769,3.6252856,4.0220733,4.0315986,3.952527,4.1716814
01/12/2010,4.605007,3.961122,4.5540333,4.243982,4.398179,4.009068,4.292021,4.3038487,4.204285,4.560125
01/01/2011,4.457891,3.9728403,4.427016,4.602802,4.6184063,4.2502403,4.189773,4.193151,4.1075945,4.7144294
01/02/2011,4.6750307,4.3038487,4.6841264,5.1009774,4.9096584,4.644549,4.473344,4.47042,4.399419,5.1041245
01/03/2011,4.7632813,4.4469237,4.7296762,5.38702,4.753518,4.7183275,4.484793,4.463756,4.4530034,5.262172
01/04/2011,5.002141,4.668057,4.973376,5.8300734,5.185032,5.211818,4.770891,4.749429,4.7379375,5.5525064
01/05/2011,5.087912,5.0225735,5.0785065,6.182301,5.5297256,5.6720138,4.9116445,4.885149,4.859507,6.111729
01/06/2011,5.109799,5.3067684,5.144644,6.3655376,5.7492733,6.1124682,4.9791408,4.952085,4.9308896,6.144929
01/07/2011,5.2165985,5.6008935,5.2858233,6.684029,6.067395,6.6334605,5.1468143,5.1017165,5.1241517,6.6512465
01/08/2011,5.4106593,5.944288,5.4935694,6.9790006,6.2717915,6.9152355,5.403556,5.343282,5.4141283,7.034087
01/09/2011,5.4687977,6.0370684,5.5505514,6.997013,6.2702894,6.5102935,5.4660444,5.4111958,5.4733515,6.9283485
01/10/2011,5.5945516,6.020689,5.6584716,6.9240093,6.1505795,6.341493,5.5998387,5.5534005,5.6126595,6.6642404
01/11/2011,5.630052,6.0729027,5.7055354,6.9173455,6.368625,6.2110066,5.6222253,5.559802,5.680728,6.7074656
01/12/2011,5.505049,5.978656,5.5848002,6.79065,6.3186646,5.962193,5.4787507,5.4142714,5.553341,6.451118
01/01/2012,5.364895,5.615413,5.408597,5.968809,5.6571007,5.3680778,5.2684855,5.2315354,5.2874327,5.929768
01/02/2012,5.168462,5.294323,5.206561,5.5687428,5.4207683,4.738188,5.053345,5.0098896,5.092418,5.7243943
01/03/2012,5.1353335,5.1573873,5.175519,5.14462,5.450392,4.2679906,5.0238,4.9834013,5.075884,5.4183483
01/04/2012,4.875326,4.967177,4.9160957,4.8078656,5.0794125,3.9350748,4.719747,4.676211,4.7790885,5.1684856
01/05/2012,4.878986,4.77612,4.8707485,4.5871377,4.825568,3.719759,4.66265,4.624045,4.7429204,4.666972
01/06/2012,4.9390197,4.6565294,4.907298,4.4944167,4.723823,3.495562,4.7044315,4.668319,4.767275,4.8315525
01/07/2012,4.8795104,4.427099,4.801059,4.3267846,4.5066237,3.0863047,4.585382,4.5464873,4.675472,4.4835806
01/08/2012,4.930067,4.4973254,4.839003,4.336965,4.4986963,3.195715,4.614659,4.5764446,4.7122955,4.3892264
01/09/2012,4.9612045,4.5577526,4.8760533,4.4459105,4.4347286,3.6422849,4.6516814,4.6147704,4.731214,4.6027184
01/10/2012,4.9247146,4.594338,4.8487186,4.4669867,4.4762373,3.8094997,4.60763,4.5634627,4.696965,4.711318
01/11/2012,4.957378,4.609132,4.8710346,4.4810057,4.31484,3.9414167,4.674882,4.6465516,4.729593,4.615259
01/12/2012,5.0585747,4.6334743,4.9657106,4.5386434,4.3278694,4.0281534,4.7948484,4.777348,4.8223734,4.6610475
01/01/2013,5.1398396,4.732609,5.0156236,4.6780944,4.560554,4.0746093,4.8813143,4.8668265,4.893303,4.822755
01/02/2013,5.2493215,4.819691,5.1059604,4.794836,5.1381826,4.14387,4.9858165,4.9646854,5.0210476,4.8733234
01/03/2013,5.0756693,4.692018,4.9495816,4.68657,5.1749706,4.1378617,4.818642,4.799056,4.8311353,4.9509525
01/04/2013,5.1246643,4.6409607,4.993105,4.5321703,5.083716,4.028082,4.870751,4.8520446,4.8969865,4.79151
01/05/2013,5.002749,4.45174,4.8891425,4.39502,5.076468,4.0355325,4.7343087,4.7107935,4.7709703,4.7165155
01/06/2013,4.891777,4.5058727,4.803121,4.5042157,5.1223397,4.2894006,4.6476727,4.603231,4.728198,4.869342
01/07/2013,4.7419786,4.372275,4.69867,4.38571,4.959142,4.2411327,4.5241127,4.492283,4.568696,4.737866
01/08/2013,4.400575,3.9661884,4.377258,4.0640354,4.6887994,3.5923839,4.136762,4.113424,4.174888,4.1490197
01/09/2013,4.203856,3.7842155,4.1871667,3.8724065,4.6795964,3.226018,3.9065087,3.8755298,3.974712,3.8468242
01/10/2013,4.104316,3.7076235,4.1066647,3.8065553,4.6171665,3.1238556,3.817208,3.7896872,3.8777828,3.7323356
01/11/2013,4.0543914,3.6892653,4.0645123,3.763175,4.64437,3.1775355,3.7528846,3.7278533,3.8114905,3.6053538
01/12/2013,3.8598537,3.595829,3.8818002,3.735268,4.5866966,3.065157,3.5286603,3.4965158,3.5900116,3.634286
01/01/2014,3.623581,3.3658862,3.6949039,3.588426,4.3239594,2.9833913,3.2940238,3.2610297,3.3495665,3.52664
01/02/2014,3.4062147,3.094685,3.4672499,3.212595,3.5669088,2.8498769,3.0118535,2.9947996,3.0224085,3.2405496
01/03/2014,3.4964442,3.0712128,3.4975767,3.1840563,3.4070015,2.8790355,3.0569737,3.0469537,3.052783,3.2037258
01/04/2014,3.4006953,2.9277205,3.4156919,3.0656457,3.3439994,2.8665066,2.953646,2.9442668,2.9432178,3.1647205
01/05/2014,3.3898592,2.8290272,3.390634,2.9770136,3.220892,2.7089596,2.9320116,2.9300451,2.8960586,3.1893373
01/06/2014,3.2642007,2.655983,3.2850742,2.814269,3.1306982,2.3598313,2.8233411,2.8354883,2.7584434,2.9265165
01/07/2014,3.2488227,2.7097464,3.2679796,2.8621197,3.2147288,2.4027586,2.8262606,2.8308153,2.7622104,3.2035828
01/08/2014,3.2806396,2.6635528,3.3103108,2.9616594,3.2135487,2.9356837,2.8949559,2.8928041,2.830696,3.520441
01/09/2014,3.2829762,2.6040435,3.3043146,2.9139638,3.1398416,3.0234098,2.8863487,2.8937697,2.8072953,3.3401132
01/10/2014,3.2552123,2.5699854,3.2415867,2.90941,3.153503,3.031242,2.8070061,2.8169513,2.7266383,3.1899095
01/11/2014,3.1770945,2.4143338,3.1505823,2.7861238,3.0337453,2.9004097,2.673922,2.6832223,2.6067257,2.926886
01/12/2014,3.1622171,2.4332762,3.1164289,2.7414918,3.0853271,3.0716538,2.6483107,2.658093,2.601552,2.6272058
01/01/2015,3.1253934,2.4065852,3.0652165,2.662766,2.9822588,3.0883312,2.5478406,2.5590181,2.5390625,2.0035744
01/02/2015,3.175044,2.4917006,3.104508,2.7056694,2.9781818,3.1376123,2.6037667,2.6116014,2.6044846,2.0598412
01/03/2015,3.0471325,2.4394631,3.018701,2.6490688,2.9351592,2.863264,2.4899516,2.5057077,2.4804473,1.7882705
01/04/2015,3.0481458,2.571392,2.9913187,2.748251,2.9911637,2.869606,2.4672751,2.4875045,2.4390936,1.8357635
01/05/2015,3.0339122,2.707827,3.0045748,2.9010773,3.0599833,2.632022,2.481476,2.497995,2.4620652,1.877141
01/06/2015,3.1116128,2.7563214,3.054607,2.9298663,3.082943,2.7463078,2.519916,2.5321603,2.511859,1.9290566
01/07/2015,3.145969,2.7376175,3.0681849,2.8767943,2.9790998,2.815342,2.5062406,2.5180697,2.529657,1.5344262
01/08/2015,3.175807,2.8024435,3.0880451,2.7641773,3.0733228,2.5913835,2.5450783,2.5731921,2.5428534,1.2822151
01/09/2015,3.163302,2.7548075,3.08429,2.688408,3.039205,2.4758458,2.532079,2.5501728,2.553022,1.3538718
01/10/2015,3.1761527,2.817893,3.1274915,2.6559114,2.9943824,2.475655,2.5995178,2.6058435,2.646649,1.526022
01/11/2015,3.1608105,2.8313518,3.1242251,2.6916742,2.9411793,2.4878144,2.6017416,2.6036978,2.6456833,1.7324448
01/12/2015,3.1799793,2.75414,3.137982,2.622497,2.8025866,2.3842454,2.605811,2.6060224,2.6479363,1.8246174
01/01/2016,3.2312274,2.6945353,3.1822085,2.5531888,2.8177857,2.3062825,2.676892,2.6699066,2.7162075,2.1949172
01/02/2016,3.1097412,2.5878668,3.0964494,2.4972916,2.8540373,2.1876693,2.5538576,2.5304437,2.6325464,2.2025466
01/03/2016,3.0829191,2.6881218,3.0666947,2.5955796,2.8135777,2.5246859,2.5011926,2.4733543,2.575338,2.3783326
01/04/2016,3.051567,2.4966478,3.0486584,2.493918,2.6368499,2.4270773,2.4900138,2.4647236,2.5617123,2.3034334
01/05/2016,3.0125856,2.3366213,3.0106783,2.4707794,2.6680827,2.7861,2.4421027,2.4112582,2.5167704,2.4309874
01/06/2016,2.9337883,2.3247957,2.9265165,2.5052428,2.6887536,2.781713,2.3377223,2.3029327,2.4141192,2.462554
01/07/2016,2.8813124,2.2216916,2.892077,2.5186062,2.8318048,2.758646,2.297272,2.2543907,2.390647,2.5151253
01/08/2016,2.84487,2.1520615,2.8609514,2.4809003,2.727759,2.6281238,2.2533245,2.2010684,2.3582458,2.6813745
01/09/2016,2.798891,2.1577835,2.8202534,2.5149822,2.7204514,2.614081,2.2097638,2.1562457,2.3041725,2.8220892
01/10/2016,2.8199434,2.0557642,2.8280616,2.5802374,2.8329015,2.6030183,2.2353854,2.1608949,2.3867965,2.9124856
01/11/2016,2.8220415,2.0038247,2.8252125,2.58317,2.8267503,2.6478767,2.2317848,2.1470785,2.4101853,2.9517293
01/12/2016,2.8281808,2.0304441,2.8341413,2.6639938,2.9632092,2.5955439,2.2280905,2.146554,2.4029255,2.8743982
01/01/2017,2.9168248,2.1061897,2.9209733,2.8382182,3.0995011,2.5774956,2.3709435,2.294433,2.5316,2.9945016
01/02/2017,2.9457092,2.1374345,2.9272795,2.8334022,3.0708194,2.6484966,2.376219,2.3162007,2.502811,2.810502
01/03/2017,2.9158235,1.9883871,2.8906226,2.6659966,3.0640483,2.4060726,2.3197474,2.253592,2.4791002,2.5756478
01/04/2017,2.8586268,1.9701958,2.835548,2.6444077,3.1031966,2.3735762,2.2273936,2.1568894,2.3952365,2.5478363
01/05/2017,2.84065,1.9395351,2.7946115,2.508533,2.9829621,2.315724,2.1580515,2.100706,2.3182988,2.0867348
01/06/2017,2.781701,1.8161535,2.7360082,2.380848,2.8316855,2.2432685,2.0819135,2.030778,2.2377014,1.8407941
01/07/2017,2.7291536,1.7718673,2.6875257,2.260673,2.640748,2.1425366,2.0383196,1.9993782,2.1621585,1.7471075
01/08/2017,2.6658535,1.7434955,2.6186109,2.1978855,2.5375843,1.9817829,1.9245689,1.8727899,2.0841718,1.6739368
01/09/2017,2.6895165,1.7845631,2.6278973,2.2401333,2.5226355,1.9552231,1.9313384,1.8823147,2.077818,1.7424822
01/10/2017,2.6548743,1.7935157,2.6037693,2.1929622,2.4249911,2.0544648,1.9112027,1.8796206,2.0148993,1.6099453
01/11/2017,2.6923656,1.8354177,2.6283622,2.324903,2.6262403,2.0311952,1.9630133,1.9483209,2.0103574,1.7349601
01/12/2017,2.6177168,1.8337846,2.5819898,2.4225235,2.617991,2.2673488,1.9099257,1.884687,1.9699097,1.9230723
01/01/2018,2.5220394,1.8131614,2.4954677,2.2783518,2.4795175,2.1416187,1.7870466,1.7677426,1.8248081,1.8695593
01/02/2018,2.5278926,1.8092036,2.5091171,2.3105145,2.4638414,2.0411134,1.828293,1.8027306,1.8794656,1.9725084
01/03/2018,2.544582,1.7961144,2.5132537,2.3678303,2.4662137,2.2312999,1.8477386,1.8228769,1.896441,1.9950747
01/04/2018,2.592373,1.7735124,2.5630236,2.3637176,2.4074554,2.313912,1.9097807,1.8839121,1.9861221,1.7398477
01/05/2018,2.5989652,1.8404365,2.5766134,2.4466753,2.4184823,2.1416426,1.9564018,1.9228578,2.0359993,2.029252
01/06/2018,2.7435422,1.9275308,2.7204633,2.5416374,2.4937391,2.332306,2.149437,2.120626,2.225387,2.0727992
01/07/2018,2.8778076,2.006185,2.8277516,2.6047587,2.6496649,2.4425626,2.3022912,2.273512,2.3864985,2.1059752
01/08/2018,2.9313564,2.129829,2.8820634,2.7129173,2.817583,2.73633,2.3863072,2.372539,2.4275303,2.1618009
01/09/2018,2.9637694,2.1426558,2.9186964,2.7228832,2.821219,2.718532,2.4622424,2.452004,2.4944186,2.2125006
01/10/2018,2.901101,2.1063566,2.8588295,2.6809692,2.8099895,2.5401711,2.3377085,2.325821,2.3609042,2.2749186
01/11/2018,2.8298378,2.0754576,2.804339,2.5429368,2.6525378,2.537334,2.2567024,2.2400498,2.3026705,2.0925164
01/12/2018,2.848816,1.9816756,2.7977705,2.3190618,2.5170684,2.188623,2.2707956,2.2673607,2.303648,1.7747045
01/01/2019,2.7281165,1.7960072,2.6674986,2.1854281,2.3757696,2.1255255,2.0932584,2.0904183,2.1518946,1.2653351
01/02/2019,2.6822925,1.6907096,2.6100993,2.215588,2.4376154,1.9786596,1.9999918,2.0048618,2.0467758,1.0409474
01/03/2019,2.760446,1.6078115,2.6951313,2.164662,2.3344517,1.6276598,2.1242096,2.1362066,2.1603584,1.0204792
01/04/2019,2.7601004,1.7145991,2.6853323,2.2732973,2.440083,1.4463305,2.1493526,2.1574855,2.1718025,1.3615489
01/05/2019,2.7460456,1.7902732,2.676189,2.2704363,2.531004,1.5758038,2.1278577,2.1362543,2.153039,1.297617
01/06/2019,2.7024627,1.7429113,2.6009917,2.2292137,2.3689032,1.8026948,2.0337088,2.0473957,2.041161,1.2375712
01/07/2019,2.5509357,1.6488314,2.4887323,2.234733,2.3595095,1.6859293,1.8717127,1.8837452,1.8691182,1.279664
01/08/2019,2.523601,1.5243411,2.4481058,2.118504,2.200687,1.493597,1.8153403,1.8211961,1.8477559,1.017952
01/09/2019,2.4536133,1.4943719,2.387631,2.064526,2.1709442,1.362586,1.7113575,1.7168999,1.7537713,0.8089781
01/10/2019,2.4513245,1.5017867,2.3822546,2.0222545,2.0835996,1.2721062,1.7448883,1.7455101,1.8126965,0.7032275
01/11/2019,2.46737,1.5264869,2.3755193,2.135396,2.1389246,1.3280511,1.7655231,1.7656922,1.8261313,0.8299589
01/12/2019,2.4793506,1.5582442,2.3827314,2.145958,2.0733476,1.4082193,1.7605133,1.751709,1.8340111,0.99948645
01/01/2020,2.5996685,1.7784119,2.4774551,2.3114324,2.2547007,1.4239788,1.8836437,1.8661737,1.9564271,1.4456987
01/02/2020,2.5480032,1.8072248,2.4404407,2.1786213,2.1260977,1.4857054,1.8243083,1.8040538,1.9009233,1.4479876
01/03/2020,2.39712,1.9079447,2.3022652,2.1876693,2.192533,1.7589569,1.639586,1.616323,1.7179847,1.3707757
01/04/2020,2.3231745,1.8520117,2.2219062,2.294314,2.2535086,2.482903,1.497774,1.4722824,1.5830874,1.238358
01/05/2020,2.3005843,1.8225431,2.1940708,2.2501826,2.1704793,2.3796082,1.4754872,1.4501333,1.5926838,0.8099675
01/06/2020,2.207768,1.8042803,2.1360517,2.3551106,2.21169,2.0226836,1.3825147,1.349783,1.505053,0.9351492
01/07/2020,2.2422433,1.9640446,2.1261573,2.3774028,2.1047473,1.816833,1.3716693,1.3377309,1.4998198,0.8996844
01/08/2020,2.2900105,1.9567847,2.1653771,2.4933338,2.2607088,1.802814,1.4226105,1.3870478,1.54562,1.0718942
01/09/2020,2.3668408,1.9144893,2.247417,2.4797797,2.2689939,2.368176,1.550461,1.5073061,1.6972661,1.1722922
01/10/2020,2.386129,1.8914104,2.2683144,2.4958014,2.1815777,3.2518983,1.5550079,1.5250325,1.6683102,1.1049271
01/11/2020,2.4549365,2.0739198,2.326572,2.5054693,2.2383213,3.3869863,1.6204731,1.5735984,1.7741561,1.2885928
01/12/2020,2.4547338,2.046764,2.3694158,2.508521,2.2411585,3.4696221,1.6991857,1.64783,1.8788815,1.1995196
01/01/2021,2.4845958,2.121377,2.4463177,2.7506948,2.2504568,3.4566164,1.8195558,1.7555475,2.03681,1.3092041
01/02/2021,2.6851892,2.2262454,2.6120543,2.9828787,2.381134,3.5882592,2.0471485,1.9829869,2.2725701,1.4182925
01/03/2021,2.8312802,2.6240468,2.7492046,3.2928586,2.6067853,3.761065,2.214657,2.1377325,2.456522,1.8417835
01/04/2021,2.8887272,2.6943922,2.8249383,3.1602502,2.585733,3.2762885,2.327729,2.2583246,2.5508523,1.8988848
01/05/2021,2.9533148,2.7172446,2.8814793,3.2131076,2.5944948,3.35325,2.3951209,2.325189,2.5788426,2.4778605
01/06/2021,2.9696703,2.6734471,2.8835535,3.0553937,2.5557756,3.2552361,2.3922648,2.3229718,2.572465,2.4958014
01/07/2021,3.0364156,2.6625395,2.9576898,3.0436516,2.541256,3.43678,2.4729178,2.4103642,2.6314616,2.5896192
01/08/2021,3.1993508,2.8867006,3.108573,3.0898213,2.5800586,3.6175728,2.6747212,2.6084185,2.8329968,2.9169679
01/09/2021,3.2921672,2.982974,3.1865716,3.174603,2.6613355,3.165996,2.7772977,2.7208567,2.9034853,3.0452967
01/10/2021,3.4732938,3.237331,3.367889,3.4307957,2.9384613,2.5076032,3.0291417,2.966082,3.1591892,3.4736156
01/11/2021,3.7689447,3.5025358,3.6733985,3.7000895,3.2721877,2.549076,3.3562045,3.3087015,3.4381986,3.793621
01/12/2021,4.116297,3.9266825,3.981769,3.9724946,3.6034703,2.7495265,3.6877007,3.6511421,3.731072,4.1716456
01/01/2022,4.3447733,3.986752,4.1817546,3.941214,3.6420941,2.888739,3.880837,3.8527846,3.9070368,4.24453
